InstanceName	InstancePath	N	n	m_Max	m_0	V_max	V_0	Method	Time	LimitTime	Objective	status	OPT_Sum_Cj	nbNodes
instance0_n_30_N_60_tf_0.2_rdd_0.2_mMax_1_m0_1_Vmax_2.0_V0_1.0	/home/schau/Documents/These/code/bilevel-scheduling/instances/performances/instance0_n_30_N_60_tf_0.2_rdd_0.2_mMax_1_m0_1_Vmax_2.0_V0_1.0.txt	60	30	1	1	2	1	MIP	4.93711	600	49	Optimal	1	1915
instance1_n_30_N_60_tf_0.2_rdd_0.2_mMax_1_m0_1_Vmax_2.0_V0_1.0	/home/schau/Documents/These/code/bilevel-scheduling/instances/performances/instance1_n_30_N_60_tf_0.2_rdd_0.2_mMax_1_m0_1_Vmax_2.0_V0_1.0.txt	60	30	1	1	2	1	MIP	8.36726	600	41	Optimal	1	4277
instance2_n_30_N_60_tf_0.2_rdd_0.2_mMax_1_m0_1_Vmax_2.0_V0_1.0	/home/schau/Documents/These/code/bilevel-scheduling/instances/performances/instance2_n_30_N_60_tf_0.2_rdd_0.2_mMax_1_m0_1_Vmax_2.0_V0_1.0.txt	60	30	1	1	2	1	MIP	38.8525	600	40	Optimal	1	7179
instance3_n_30_N_60_tf_0.2_rdd_0.2_mMax_1_m0_1_Vmax_2.0_V0_1.0	/home/schau/Documents/These/code/bilevel-scheduling/instances/performances/instance3_n_30_N_60_tf_0.2_rdd_0.2_mMax_1_m0_1_Vmax_2.0_V0_1.0.txt	60	30	1	1	2	1	MIP	12.6423	600	40	Optimal	0	1942
instance4_n_30_N_60_tf_0.2_rdd_0.2_mMax_1_m0_1_Vmax_2.0_V0_1.0	/home/schau/Documents/These/code/bilevel-scheduling/instances/performances/instance4_n_30_N_60_tf_0.2_rdd_0.2_mMax_1_m0_1_Vmax_2.0_V0_1.0.txt	60	30	1	1	2	1	MIP	233.802	600	41	Optimal	1	30849
instance5_n_30_N_60_tf_0.2_rdd_0.2_mMax_1_m0_1_Vmax_2.0_V0_1.0	/home/schau/Documents/These/code/bilevel-scheduling/instances/performances/instance5_n_30_N_60_tf_0.2_rdd_0.2_mMax_1_m0_1_Vmax_2.0_V0_1.0.txt	60	30	1	1	2	1	MIP	4.20577	600	30	Optimal	1	1172
instance6_n_30_N_60_tf_0.2_rdd_0.2_mMax_1_m0_1_Vmax_2.0_V0_1.0	/home/schau/Documents/These/code/bilevel-scheduling/instances/performances/instance6_n_30_N_60_tf_0.2_rdd_0.2_mMax_1_m0_1_Vmax_2.0_V0_1.0.txt	60	30	1	1	2	1	MIP	600.003	600	42	Feasible	1	15161
instance7_n_30_N_60_tf_0.2_rdd_0.2_mMax_1_m0_1_Vmax_2.0_V0_1.0	/home/schau/Documents/These/code/bilevel-scheduling/instances/performances/instance7_n_30_N_60_tf_0.2_rdd_0.2_mMax_1_m0_1_Vmax_2.0_V0_1.0.txt	60	30	1	1	2	1	MIP	364.463	600	21	Optimal	0	41959
instance8_n_30_N_60_tf_0.2_rdd_0.2_mMax_1_m0_1_Vmax_2.0_V0_1.0	/home/schau/Documents/These/code/bilevel-scheduling/instances/performances/instance8_n_30_N_60_tf_0.2_rdd_0.2_mMax_1_m0_1_Vmax_2.0_V0_1.0.txt	60	30	1	1	2	1	MIP	24.5788	600	48	Optimal	1	6443
instance9_n_30_N_60_tf_0.2_rdd_0.2_mMax_1_m0_1_Vmax_2.0_V0_1.0	/home/schau/Documents/These/code/bilevel-scheduling/instances/performances/instance9_n_30_N_60_tf_0.2_rdd_0.2_mMax_1_m0_1_Vmax_2.0_V0_1.0.txt	60	30	1	1	2	1	MIP	61.4805	600	40	Optimal	0	7436
instance0_n_30_N_60_tf_0.2_rdd_0.4_mMax_1_m0_1_Vmax_2.0_V0_1.0	/home/schau/Documents/These/code/bilevel-scheduling/instances/performances/instance0_n_30_N_60_tf_0.2_rdd_0.4_mMax_1_m0_1_Vmax_2.0_V0_1.0.txt	60	30	1	1	2	1	MIP	2.65108	600	39	Optimal	1	478
instance1_n_30_N_60_tf_0.2_rdd_0.4_mMax_1_m0_1_Vmax_2.0_V0_1.0	/home/schau/Documents/These/code/bilevel-scheduling/instances/performances/instance1_n_30_N_60_tf_0.2_rdd_0.4_mMax_1_m0_1_Vmax_2.0_V0_1.0.txt	60	30	1	1	2	1	MIP	600.003	600	24	Feasible	1	67031
instance2_n_30_N_60_tf_0.2_rdd_0.4_mMax_1_m0_1_Vmax_2.0_V0_1.0	/home/schau/Documents/These/code/bilevel-scheduling/instances/performances/instance2_n_30_N_60_tf_0.2_rdd_0.4_mMax_1_m0_1_Vmax_2.0_V0_1.0.txt	60	30	1	1	2	1	MIP	537.353	600	32	Optimal	0	41333
instance3_n_30_N_60_tf_0.2_rdd_0.4_mMax_1_m0_1_Vmax_2.0_V0_1.0	/home/schau/Documents/These/code/bilevel-scheduling/instances/performances/instance3_n_30_N_60_tf_0.2_rdd_0.4_mMax_1_m0_1_Vmax_2.0_V0_1.0.txt	60	30	1	1	2	1	MIP	2.59599	600	36	Optimal	0	1372
instance4_n_30_N_60_tf_0.2_rdd_0.4_mMax_1_m0_1_Vmax_2.0_V0_1.0	/home/schau/Documents/These/code/bilevel-scheduling/instances/performances/instance4_n_30_N_60_tf_0.2_rdd_0.4_mMax_1_m0_1_Vmax_2.0_V0_1.0.txt	60	30	1	1	2	1	MIP	15.0032	600	41	Optimal	0	5526
instance5_n_30_N_60_tf_0.2_rdd_0.4_mMax_1_m0_1_Vmax_2.0_V0_1.0	/home/schau/Documents/These/code/bilevel-scheduling/instances/performances/instance5_n_30_N_60_tf_0.2_rdd_0.4_mMax_1_m0_1_Vmax_2.0_V0_1.0.txt	60	30	1	1	2	1	MIP	2.17334	600	27	Optimal	1	1039
instance6_n_30_N_60_tf_0.2_rdd_0.4_mMax_1_m0_1_Vmax_2.0_V0_1.0	/home/schau/Documents/These/code/bilevel-scheduling/instances/performances/instance6_n_30_N_60_tf_0.2_rdd_0.4_mMax_1_m0_1_Vmax_2.0_V0_1.0.txt	60	30	1	1	2	1	MIP	5.5287	600	43	Optimal	1	4485
instance7_n_30_N_60_tf_0.2_rdd_0.4_mMax_1_m0_1_Vmax_2.0_V0_1.0	/home/schau/Documents/These/code/bilevel-scheduling/instances/performances/instance7_n_30_N_60_tf_0.2_rdd_0.4_mMax_1_m0_1_Vmax_2.0_V0_1.0.txt	60	30	1	1	2	1	MIP	600.005	600	45	Feasible	1	58918
instance8_n_30_N_60_tf_0.2_rdd_0.4_mMax_1_m0_1_Vmax_2.0_V0_1.0	/home/schau/Documents/These/code/bilevel-scheduling/instances/performances/instance8_n_30_N_60_tf_0.2_rdd_0.4_mMax_1_m0_1_Vmax_2.0_V0_1.0.txt	60	30	1	1	2	1	MIP	600.005	600	46	Feasible	1	53010
instance9_n_30_N_60_tf_0.2_rdd_0.4_mMax_1_m0_1_Vmax_2.0_V0_1.0	/home/schau/Documents/These/code/bilevel-scheduling/instances/performances/instance9_n_30_N_60_tf_0.2_rdd_0.4_mMax_1_m0_1_Vmax_2.0_V0_1.0.txt	60	30	1	1	2	1	MIP	3.10839	600	37	Optimal	1	1881
instance0_n_30_N_60_tf_0.2_rdd_0.6_mMax_1_m0_1_Vmax_2.0_V0_1.0	/home/schau/Documents/These/code/bilevel-scheduling/instances/performances/instance0_n_30_N_60_tf_0.2_rdd_0.6_mMax_1_m0_1_Vmax_2.0_V0_1.0.txt	60	30	1	1	2	1	MIP	25.7695	600	40	Optimal	1	5735
instance1_n_30_N_60_tf_0.2_rdd_0.6_mMax_1_m0_1_Vmax_2.0_V0_1.0	/home/schau/Documents/These/code/bilevel-scheduling/instances/performances/instance1_n_30_N_60_tf_0.2_rdd_0.6_mMax_1_m0_1_Vmax_2.0_V0_1.0.txt	60	30	1	1	2	1	MIP	600.005	600	26	Feasible	1	53030
instance2_n_30_N_60_tf_0.2_rdd_0.6_mMax_1_m0_1_Vmax_2.0_V0_1.0	/home/schau/Documents/These/code/bilevel-scheduling/instances/performances/instance2_n_30_N_60_tf_0.2_rdd_0.6_mMax_1_m0_1_Vmax_2.0_V0_1.0.txt	60	30	1	1	2	1	MIP	64.7466	600	32	Optimal	1	12434
instance3_n_30_N_60_tf_0.2_rdd_0.6_mMax_1_m0_1_Vmax_2.0_V0_1.0	/home/schau/Documents/These/code/bilevel-scheduling/instances/performances/instance3_n_30_N_60_tf_0.2_rdd_0.6_mMax_1_m0_1_Vmax_2.0_V0_1.0.txt	60	30	1	1	2	1	MIP	12.1576	600	34	Optimal	1	2473
instance4_n_30_N_60_tf_0.2_rdd_0.6_mMax_1_m0_1_Vmax_2.0_V0_1.0	/home/schau/Documents/These/code/bilevel-scheduling/instances/performances/instance4_n_30_N_60_tf_0.2_rdd_0.6_mMax_1_m0_1_Vmax_2.0_V0_1.0.txt	60	30	1	1	2	1	MIP	455.285	600	51	Optimal	1	53325
instance5_n_30_N_60_tf_0.2_rdd_0.6_mMax_1_m0_1_Vmax_2.0_V0_1.0	/home/schau/Documents/These/code/bilevel-scheduling/instances/performances/instance5_n_30_N_60_tf_0.2_rdd_0.6_mMax_1_m0_1_Vmax_2.0_V0_1.0.txt	60	30	1	1	2	1	MIP	43.8312	600	55	Optimal	1	5536
instance6_n_30_N_60_tf_0.2_rdd_0.6_mMax_1_m0_1_Vmax_2.0_V0_1.0	/home/schau/Documents/These/code/bilevel-scheduling/instances/performances/instance6_n_30_N_60_tf_0.2_rdd_0.6_mMax_1_m0_1_Vmax_2.0_V0_1.0.txt	60	30	1	1	2	1	MIP	111.171	600	26	Optimal	1	44094
instance7_n_30_N_60_tf_0.2_rdd_0.6_mMax_1_m0_1_Vmax_2.0_V0_1.0	/home/schau/Documents/These/code/bilevel-scheduling/instances/performances/instance7_n_30_N_60_tf_0.2_rdd_0.6_mMax_1_m0_1_Vmax_2.0_V0_1.0.txt	60	30	1	1	2	1	MIP	15.0774	600	44	Optimal	1	5468
instance8_n_30_N_60_tf_0.2_rdd_0.6_mMax_1_m0_1_Vmax_2.0_V0_1.0	/home/schau/Documents/These/code/bilevel-scheduling/instances/performances/instance8_n_30_N_60_tf_0.2_rdd_0.6_mMax_1_m0_1_Vmax_2.0_V0_1.0.txt	60	30	1	1	2	1	MIP	5.64456	600	46	Optimal	1	1847
instance9_n_30_N_60_tf_0.2_rdd_0.6_mMax_1_m0_1_Vmax_2.0_V0_1.0	/home/schau/Documents/These/code/bilevel-scheduling/instances/performances/instance9_n_30_N_60_tf_0.2_rdd_0.6_mMax_1_m0_1_Vmax_2.0_V0_1.0.txt	60	30	1	1	2	1	MIP	2.81846	600	33	Optimal	1	2328
instance0_n_30_N_60_tf_0.2_rdd_0.8_mMax_1_m0_1_Vmax_2.0_V0_1.0	/home/schau/Documents/These/code/bilevel-scheduling/instances/performances/instance0_n_30_N_60_tf_0.2_rdd_0.8_mMax_1_m0_1_Vmax_2.0_V0_1.0.txt	60	30	1	1	2	1	MIP	233.219	600	29	Optimal	0	30287
instance1_n_30_N_60_tf_0.2_rdd_0.8_mMax_1_m0_1_Vmax_2.0_V0_1.0	/home/schau/Documents/These/code/bilevel-scheduling/instances/performances/instance1_n_30_N_60_tf_0.2_rdd_0.8_mMax_1_m0_1_Vmax_2.0_V0_1.0.txt	60	30	1	1	2	1	MIP	4.50268	600	24	Optimal	1	977
instance2_n_30_N_60_tf_0.2_rdd_0.8_mMax_1_m0_1_Vmax_2.0_V0_1.0	/home/schau/Documents/These/code/bilevel-scheduling/instances/performances/instance2_n_30_N_60_tf_0.2_rdd_0.8_mMax_1_m0_1_Vmax_2.0_V0_1.0.txt	60	30	1	1	2	1	MIP	6.74884	600	26	Optimal	1	1096
instance3_n_30_N_60_tf_0.2_rdd_0.8_mMax_1_m0_1_Vmax_2.0_V0_1.0	/home/schau/Documents/These/code/bilevel-scheduling/instances/performances/instance3_n_30_N_60_tf_0.2_rdd_0.8_mMax_1_m0_1_Vmax_2.0_V0_1.0.txt	60	30	1	1	2	1	MIP	11.8204	600	31	Optimal	1	2946
instance4_n_30_N_60_tf_0.2_rdd_0.8_mMax_1_m0_1_Vmax_2.0_V0_1.0	/home/schau/Documents/These/code/bilevel-scheduling/instances/performances/instance4_n_30_N_60_tf_0.2_rdd_0.8_mMax_1_m0_1_Vmax_2.0_V0_1.0.txt	60	30	1	1	2	1	MIP	304.299	600	34	Optimal	1	33140
instance5_n_30_N_60_tf_0.2_rdd_0.8_mMax_1_m0_1_Vmax_2.0_V0_1.0	/home/schau/Documents/These/code/bilevel-scheduling/instances/performances/instance5_n_30_N_60_tf_0.2_rdd_0.8_mMax_1_m0_1_Vmax_2.0_V0_1.0.txt	60	30	1	1	2	1	MIP	5.68363	600	30	Optimal	1	2157
instance6_n_30_N_60_tf_0.2_rdd_0.8_mMax_1_m0_1_Vmax_2.0_V0_1.0	/home/schau/Documents/These/code/bilevel-scheduling/instances/performances/instance6_n_30_N_60_tf_0.2_rdd_0.8_mMax_1_m0_1_Vmax_2.0_V0_1.0.txt	60	30	1	1	2	1	MIP	600.005	600	31	Feasible	1	63415
instance7_n_30_N_60_tf_0.2_rdd_0.8_mMax_1_m0_1_Vmax_2.0_V0_1.0	/home/schau/Documents/These/code/bilevel-scheduling/instances/performances/instance7_n_30_N_60_tf_0.2_rdd_0.8_mMax_1_m0_1_Vmax_2.0_V0_1.0.txt	60	30	1	1	2	1	MIP	600.005	600	25	Feasible	1	33805
instance8_n_30_N_60_tf_0.2_rdd_0.8_mMax_1_m0_1_Vmax_2.0_V0_1.0	/home/schau/Documents/These/code/bilevel-scheduling/instances/performances/instance8_n_30_N_60_tf_0.2_rdd_0.8_mMax_1_m0_1_Vmax_2.0_V0_1.0.txt	60	30	1	1	2	1	MIP	23.2939	600	41	Optimal	0	5399
instance9_n_30_N_60_tf_0.2_rdd_0.8_mMax_1_m0_1_Vmax_2.0_V0_1.0	/home/schau/Documents/These/code/bilevel-scheduling/instances/performances/instance9_n_30_N_60_tf_0.2_rdd_0.8_mMax_1_m0_1_Vmax_2.0_V0_1.0.txt	60	30	1	1	2	1	MIP	26.6262	600	28	Optimal	1	11335
instance0_n_30_N_60_tf_0.2_rdd_1.0_mMax_1_m0_1_Vmax_2.0_V0_1.0	/home/schau/Documents/These/code/bilevel-scheduling/instances/performances/instance0_n_30_N_60_tf_0.2_rdd_1.0_mMax_1_m0_1_Vmax_2.0_V0_1.0.txt	60	30	1	1	2	1	MIP	278.447	600	41	Optimal	1	56658
instance1_n_30_N_60_tf_0.2_rdd_1.0_mMax_1_m0_1_Vmax_2.0_V0_1.0	/home/schau/Documents/These/code/bilevel-scheduling/instances/performances/instance1_n_30_N_60_tf_0.2_rdd_1.0_mMax_1_m0_1_Vmax_2.0_V0_1.0.txt	60	30	1	1	2	1	MIP	56.1506	600	30	Optimal	1	12536
instance2_n_30_N_60_tf_0.2_rdd_1.0_mMax_1_m0_1_Vmax_2.0_V0_1.0	/home/schau/Documents/These/code/bilevel-scheduling/instances/performances/instance2_n_30_N_60_tf_0.2_rdd_1.0_mMax_1_m0_1_Vmax_2.0_V0_1.0.txt	60	30	1	1	2	1	MIP	6.29781	600	36	Optimal	0	894
instance3_n_30_N_60_tf_0.2_rdd_1.0_mMax_1_m0_1_Vmax_2.0_V0_1.0	/home/schau/Documents/These/code/bilevel-scheduling/instances/performances/instance3_n_30_N_60_tf_0.2_rdd_1.0_mMax_1_m0_1_Vmax_2.0_V0_1.0.txt	60	30	1	1	2	1	MIP	9.67194	600	30	Optimal	1	2287
instance4_n_30_N_60_tf_0.2_rdd_1.0_mMax_1_m0_1_Vmax_2.0_V0_1.0	/home/schau/Documents/These/code/bilevel-scheduling/instances/performances/instance4_n_30_N_60_tf_0.2_rdd_1.0_mMax_1_m0_1_Vmax_2.0_V0_1.0.txt	60	30	1	1	2	1	MIP	29.4861	600	42	Optimal	1	8399
instance5_n_30_N_60_tf_0.2_rdd_1.0_mMax_1_m0_1_Vmax_2.0_V0_1.0	/home/schau/Documents/These/code/bilevel-scheduling/instances/performances/instance5_n_30_N_60_tf_0.2_rdd_1.0_mMax_1_m0_1_Vmax_2.0_V0_1.0.txt	60	30	1	1	2	1	MIP	600.004	600	18	Feasible	1	37761
instance6_n_30_N_60_tf_0.2_rdd_1.0_mMax_1_m0_1_Vmax_2.0_V0_1.0	/home/schau/Documents/These/code/bilevel-scheduling/instances/performances/instance6_n_30_N_60_tf_0.2_rdd_1.0_mMax_1_m0_1_Vmax_2.0_V0_1.0.txt	60	30	1	1	2	1	MIP	17.0733	600	42	Optimal	1	6621
instance7_n_30_N_60_tf_0.2_rdd_1.0_mMax_1_m0_1_Vmax_2.0_V0_1.0	/home/schau/Documents/These/code/bilevel-scheduling/instances/performances/instance7_n_30_N_60_tf_0.2_rdd_1.0_mMax_1_m0_1_Vmax_2.0_V0_1.0.txt	60	30	1	1	2	1	MIP	210.789	600	42	Optimal	0	37953
instance8_n_30_N_60_tf_0.2_rdd_1.0_mMax_1_m0_1_Vmax_2.0_V0_1.0	/home/schau/Documents/These/code/bilevel-scheduling/instances/performances/instance8_n_30_N_60_tf_0.2_rdd_1.0_mMax_1_m0_1_Vmax_2.0_V0_1.0.txt	60	30	1	1	2	1	MIP	600.003	600	20	Feasible	1	35713
instance9_n_30_N_60_tf_0.2_rdd_1.0_mMax_1_m0_1_Vmax_2.0_V0_1.0	/home/schau/Documents/These/code/bilevel-scheduling/instances/performances/instance9_n_30_N_60_tf_0.2_rdd_1.0_mMax_1_m0_1_Vmax_2.0_V0_1.0.txt	60	30	1	1	2	1	MIP	63.2923	600	31	Optimal	1	11152
instance0_n_30_N_60_tf_0.4_rdd_0.2_mMax_1_m0_1_Vmax_2.0_V0_1.0	/home/schau/Documents/These/code/bilevel-scheduling/instances/performances/instance0_n_30_N_60_tf_0.4_rdd_0.2_mMax_1_m0_1_Vmax_2.0_V0_1.0.txt	60	30	1	1	2	1	MIP	29.4987	600	67	Optimal	1	10867
instance1_n_30_N_60_tf_0.4_rdd_0.2_mMax_1_m0_1_Vmax_2.0_V0_1.0	/home/schau/Documents/These/code/bilevel-scheduling/instances/performances/instance1_n_30_N_60_tf_0.4_rdd_0.2_mMax_1_m0_1_Vmax_2.0_V0_1.0.txt	60	30	1	1	2	1	MIP	5.5426	600	45	Optimal	1	1143
instance2_n_30_N_60_tf_0.4_rdd_0.2_mMax_1_m0_1_Vmax_2.0_V0_1.0	/home/schau/Documents/These/code/bilevel-scheduling/instances/performances/instance2_n_30_N_60_tf_0.4_rdd_0.2_mMax_1_m0_1_Vmax_2.0_V0_1.0.txt	60	30	1	1	2	1	MIP	4.5635	600	34	Optimal	1	1615
instance3_n_30_N_60_tf_0.4_rdd_0.2_mMax_1_m0_1_Vmax_2.0_V0_1.0	/home/schau/Documents/These/code/bilevel-scheduling/instances/performances/instance3_n_30_N_60_tf_0.4_rdd_0.2_mMax_1_m0_1_Vmax_2.0_V0_1.0.txt	60	30	1	1	2	1	MIP	137.375	600	39	Optimal	1	20763
instance4_n_30_N_60_tf_0.4_rdd_0.2_mMax_1_m0_1_Vmax_2.0_V0_1.0	/home/schau/Documents/These/code/bilevel-scheduling/instances/performances/instance4_n_30_N_60_tf_0.4_rdd_0.2_mMax_1_m0_1_Vmax_2.0_V0_1.0.txt	60	30	1	1	2	1	MIP	8.30628	600	40	Optimal	1	3664
instance5_n_30_N_60_tf_0.4_rdd_0.2_mMax_1_m0_1_Vmax_2.0_V0_1.0	/home/schau/Documents/These/code/bilevel-scheduling/instances/performances/instance5_n_30_N_60_tf_0.4_rdd_0.2_mMax_1_m0_1_Vmax_2.0_V0_1.0.txt	60	30	1	1	2	1	MIP	1.2697	600	54	Optimal	1	1534
instance6_n_30_N_60_tf_0.4_rdd_0.2_mMax_1_m0_1_Vmax_2.0_V0_1.0	/home/schau/Documents/These/code/bilevel-scheduling/instances/performances/instance6_n_30_N_60_tf_0.4_rdd_0.2_mMax_1_m0_1_Vmax_2.0_V0_1.0.txt	60	30	1	1	2	1	MIP	0.621574	600	61	Optimal	1	271
instance7_n_30_N_60_tf_0.4_rdd_0.2_mMax_1_m0_1_Vmax_2.0_V0_1.0	/home/schau/Documents/These/code/bilevel-scheduling/instances/performances/instance7_n_30_N_60_tf_0.4_rdd_0.2_mMax_1_m0_1_Vmax_2.0_V0_1.0.txt	60	30	1	1	2	1	MIP	7.03917	600	45	Optimal	1	1497
instance8_n_30_N_60_tf_0.4_rdd_0.2_mMax_1_m0_1_Vmax_2.0_V0_1.0	/home/schau/Documents/These/code/bilevel-scheduling/instances/performances/instance8_n_30_N_60_tf_0.4_rdd_0.2_mMax_1_m0_1_Vmax_2.0_V0_1.0.txt	60	30	1	1	2	1	MIP	3.59545	600	44	Optimal	1	1748
instance9_n_30_N_60_tf_0.4_rdd_0.2_mMax_1_m0_1_Vmax_2.0_V0_1.0	/home/schau/Documents/These/code/bilevel-scheduling/instances/performances/instance9_n_30_N_60_tf_0.4_rdd_0.2_mMax_1_m0_1_Vmax_2.0_V0_1.0.txt	60	30	1	1	2	1	MIP	600.004	600	55	Feasible	1	54432
instance0_n_30_N_60_tf_0.4_rdd_0.4_mMax_1_m0_1_Vmax_2.0_V0_1.0	/home/schau/Documents/These/code/bilevel-scheduling/instances/performances/instance0_n_30_N_60_tf_0.4_rdd_0.4_mMax_1_m0_1_Vmax_2.0_V0_1.0.txt	60	30	1	1	2	1	MIP	4.52045	600	59	Optimal	1	1871
instance1_n_30_N_60_tf_0.4_rdd_0.4_mMax_1_m0_1_Vmax_2.0_V0_1.0	/home/schau/Documents/These/code/bilevel-scheduling/instances/performances/instance1_n_30_N_60_tf_0.4_rdd_0.4_mMax_1_m0_1_Vmax_2.0_V0_1.0.txt	60	30	1	1	2	1	MIP	4.65737	600	46	Optimal	1	1663
instance2_n_30_N_60_tf_0.4_rdd_0.4_mMax_1_m0_1_Vmax_2.0_V0_1.0	/home/schau/Documents/These/code/bilevel-scheduling/instances/performances/instance2_n_30_N_60_tf_0.4_rdd_0.4_mMax_1_m0_1_Vmax_2.0_V0_1.0.txt	60	30	1	1	2	1	MIP	600.003	600	35	Feasible	1	31519
instance3_n_30_N_60_tf_0.4_rdd_0.4_mMax_1_m0_1_Vmax_2.0_V0_1.0	/home/schau/Documents/These/code/bilevel-scheduling/instances/performances/instance3_n_30_N_60_tf_0.4_rdd_0.4_mMax_1_m0_1_Vmax_2.0_V0_1.0.txt	60	30	1	1	2	1	MIP	155.885	600	41	Optimal	1	32674
instance4_n_30_N_60_tf_0.4_rdd_0.4_mMax_1_m0_1_Vmax_2.0_V0_1.0	/home/schau/Documents/These/code/bilevel-scheduling/instances/performances/instance4_n_30_N_60_tf_0.4_rdd_0.4_mMax_1_m0_1_Vmax_2.0_V0_1.0.txt	60	30	1	1	2	1	MIP	260.582	600	35	Optimal	0	31383
instance5_n_30_N_60_tf_0.4_rdd_0.4_mMax_1_m0_1_Vmax_2.0_V0_1.0	/home/schau/Documents/These/code/bilevel-scheduling/instances/performances/instance5_n_30_N_60_tf_0.4_rdd_0.4_mMax_1_m0_1_Vmax_2.0_V0_1.0.txt	60	30	1	1	2	1	MIP	3.12225	600	46	Optimal	1	2212
instance6_n_30_N_60_tf_0.4_rdd_0.4_mMax_1_m0_1_Vmax_2.0_V0_1.0	/home/schau/Documents/These/code/bilevel-scheduling/instances/performances/instance6_n_30_N_60_tf_0.4_rdd_0.4_mMax_1_m0_1_Vmax_2.0_V0_1.0.txt	60	30	1	1	2	1	MIP	321.522	600	63	Optimal	1	27460
instance7_n_30_N_60_tf_0.4_rdd_0.4_mMax_1_m0_1_Vmax_2.0_V0_1.0	/home/schau/Documents/These/code/bilevel-scheduling/instances/performances/instance7_n_30_N_60_tf_0.4_rdd_0.4_mMax_1_m0_1_Vmax_2.0_V0_1.0.txt	60	30	1	1	2	1	MIP	48.2959	600	31	Optimal	1	10302
instance8_n_30_N_60_tf_0.4_rdd_0.4_mMax_1_m0_1_Vmax_2.0_V0_1.0	/home/schau/Documents/These/code/bilevel-scheduling/instances/performances/instance8_n_30_N_60_tf_0.4_rdd_0.4_mMax_1_m0_1_Vmax_2.0_V0_1.0.txt	60	30	1	1	2	1	MIP	11.3568	600	53	Optimal	1	4558
instance9_n_30_N_60_tf_0.4_rdd_0.4_mMax_1_m0_1_Vmax_2.0_V0_1.0	/home/schau/Documents/These/code/bilevel-scheduling/instances/performances/instance9_n_30_N_60_tf_0.4_rdd_0.4_mMax_1_m0_1_Vmax_2.0_V0_1.0.txt	60	30	1	1	2	1	MIP	2.63782	600	57	Optimal	1	487
instance0_n_30_N_60_tf_0.4_rdd_0.6_mMax_1_m0_1_Vmax_2.0_V0_1.0	/home/schau/Documents/These/code/bilevel-scheduling/instances/performances/instance0_n_30_N_60_tf_0.4_rdd_0.6_mMax_1_m0_1_Vmax_2.0_V0_1.0.txt	60	30	1	1	2	1	MIP	2.67585	600	45	Optimal	1	2161
instance1_n_30_N_60_tf_0.4_rdd_0.6_mMax_1_m0_1_Vmax_2.0_V0_1.0	/home/schau/Documents/These/code/bilevel-scheduling/instances/performances/instance1_n_30_N_60_tf_0.4_rdd_0.6_mMax_1_m0_1_Vmax_2.0_V0_1.0.txt	60	30	1	1	2	1	MIP	600.004	600	61	Feasible	1	18098
instance2_n_30_N_60_tf_0.4_rdd_0.6_mMax_1_m0_1_Vmax_2.0_V0_1.0	/home/schau/Documents/These/code/bilevel-scheduling/instances/performances/instance2_n_30_N_60_tf_0.4_rdd_0.6_mMax_1_m0_1_Vmax_2.0_V0_1.0.txt	60	30	1	1	2	1	MIP	22.1857	600	43	Optimal	1	12225
instance3_n_30_N_60_tf_0.4_rdd_0.6_mMax_1_m0_1_Vmax_2.0_V0_1.0	/home/schau/Documents/These/code/bilevel-scheduling/instances/performances/instance3_n_30_N_60_tf_0.4_rdd_0.6_mMax_1_m0_1_Vmax_2.0_V0_1.0.txt	60	30	1	1	2	1	MIP	600.003	600	29	Feasible	1	51180
instance4_n_30_N_60_tf_0.4_rdd_0.6_mMax_1_m0_1_Vmax_2.0_V0_1.0	/home/schau/Documents/These/code/bilevel-scheduling/instances/performances/instance4_n_30_N_60_tf_0.4_rdd_0.6_mMax_1_m0_1_Vmax_2.0_V0_1.0.txt	60	30	1	1	2	1	MIP	600.004	600	36	Feasible	1	47578
instance5_n_30_N_60_tf_0.4_rdd_0.6_mMax_1_m0_1_Vmax_2.0_V0_1.0	/home/schau/Documents/These/code/bilevel-scheduling/instances/performances/instance5_n_30_N_60_tf_0.4_rdd_0.6_mMax_1_m0_1_Vmax_2.0_V0_1.0.txt	60	30	1	1	2	1	MIP	0.859984	600	40	Optimal	1	200
instance6_n_30_N_60_tf_0.4_rdd_0.6_mMax_1_m0_1_Vmax_2.0_V0_1.0	/home/schau/Documents/These/code/bilevel-scheduling/instances/performances/instance6_n_30_N_60_tf_0.4_rdd_0.6_mMax_1_m0_1_Vmax_2.0_V0_1.0.txt	60	30	1	1	2	1	MIP	10.4793	600	54	Optimal	1	3109
instance7_n_30_N_60_tf_0.4_rdd_0.6_mMax_1_m0_1_Vmax_2.0_V0_1.0	/home/schau/Documents/These/code/bilevel-scheduling/instances/performances/instance7_n_30_N_60_tf_0.4_rdd_0.6_mMax_1_m0_1_Vmax_2.0_V0_1.0.txt	60	30	1	1	2	1	MIP	600.003	600	43	Feasible	1	37169
instance8_n_30_N_60_tf_0.4_rdd_0.6_mMax_1_m0_1_Vmax_2.0_V0_1.0	/home/schau/Documents/These/code/bilevel-scheduling/instances/performances/instance8_n_30_N_60_tf_0.4_rdd_0.6_mMax_1_m0_1_Vmax_2.0_V0_1.0.txt	60	30	1	1	2	1	MIP	425.538	600	37	Optimal	0	56648
instance9_n_30_N_60_tf_0.4_rdd_0.6_mMax_1_m0_1_Vmax_2.0_V0_1.0	/home/schau/Documents/These/code/bilevel-scheduling/instances/performances/instance9_n_30_N_60_tf_0.4_rdd_0.6_mMax_1_m0_1_Vmax_2.0_V0_1.0.txt	60	30	1	1	2	1	MIP	18.4615	600	42	Optimal	0	3821
instance0_n_30_N_60_tf_0.4_rdd_0.8_mMax_1_m0_1_Vmax_2.0_V0_1.0	/home/schau/Documents/These/code/bilevel-scheduling/instances/performances/instance0_n_30_N_60_tf_0.4_rdd_0.8_mMax_1_m0_1_Vmax_2.0_V0_1.0.txt	60	30	1	1	2	1	MIP	600.003	600	42	Feasible	1	35215
instance1_n_30_N_60_tf_0.4_rdd_0.8_mMax_1_m0_1_Vmax_2.0_V0_1.0	/home/schau/Documents/These/code/bilevel-scheduling/instances/performances/instance1_n_30_N_60_tf_0.4_rdd_0.8_mMax_1_m0_1_Vmax_2.0_V0_1.0.txt	60	30	1	1	2	1	MIP	18.9601	600	80	Optimal	1	2177
instance2_n_30_N_60_tf_0.4_rdd_0.8_mMax_1_m0_1_Vmax_2.0_V0_1.0	/home/schau/Documents/These/code/bilevel-scheduling/instances/performances/instance2_n_30_N_60_tf_0.4_rdd_0.8_mMax_1_m0_1_Vmax_2.0_V0_1.0.txt	60	30	1	1	2	1	MIP	600.003	600	47	Feasible	1	32482
instance3_n_30_N_60_tf_0.4_rdd_0.8_mMax_1_m0_1_Vmax_2.0_V0_1.0	/home/schau/Documents/These/code/bilevel-scheduling/instances/performances/instance3_n_30_N_60_tf_0.4_rdd_0.8_mMax_1_m0_1_Vmax_2.0_V0_1.0.txt	60	30	1	1	2	1	MIP	3.82338	600	26	Optimal	0	580
instance4_n_30_N_60_tf_0.4_rdd_0.8_mMax_1_m0_1_Vmax_2.0_V0_1.0	/home/schau/Documents/These/code/bilevel-scheduling/instances/performances/instance4_n_30_N_60_tf_0.4_rdd_0.8_mMax_1_m0_1_Vmax_2.0_V0_1.0.txt	60	30	1	1	2	1	MIP	37.9412	600	34	Optimal	1	9813
instance5_n_30_N_60_tf_0.4_rdd_0.8_mMax_1_m0_1_Vmax_2.0_V0_1.0	/home/schau/Documents/These/code/bilevel-scheduling/instances/performances/instance5_n_30_N_60_tf_0.4_rdd_0.8_mMax_1_m0_1_Vmax_2.0_V0_1.0.txt	60	30	1	1	2	1	MIP	6.34271	600	28	Optimal	1	1423
instance6_n_30_N_60_tf_0.4_rdd_0.8_mMax_1_m0_1_Vmax_2.0_V0_1.0	/home/schau/Documents/These/code/bilevel-scheduling/instances/performances/instance6_n_30_N_60_tf_0.4_rdd_0.8_mMax_1_m0_1_Vmax_2.0_V0_1.0.txt	60	30	1	1	2	1	MIP	600.003	600	47	Feasible	1	90106
instance7_n_30_N_60_tf_0.4_rdd_0.8_mMax_1_m0_1_Vmax_2.0_V0_1.0	/home/schau/Documents/These/code/bilevel-scheduling/instances/performances/instance7_n_30_N_60_tf_0.4_rdd_0.8_mMax_1_m0_1_Vmax_2.0_V0_1.0.txt	60	30	1	1	2	1	MIP	1.67658	600	25	Optimal	1	729
instance8_n_30_N_60_tf_0.4_rdd_0.8_mMax_1_m0_1_Vmax_2.0_V0_1.0	/home/schau/Documents/These/code/bilevel-scheduling/instances/performances/instance8_n_30_N_60_tf_0.4_rdd_0.8_mMax_1_m0_1_Vmax_2.0_V0_1.0.txt	60	30	1	1	2	1	MIP	405.367	600	30	Optimal	1	40490
instance9_n_30_N_60_tf_0.4_rdd_0.8_mMax_1_m0_1_Vmax_2.0_V0_1.0	/home/schau/Documents/These/code/bilevel-scheduling/instances/performances/instance9_n_30_N_60_tf_0.4_rdd_0.8_mMax_1_m0_1_Vmax_2.0_V0_1.0.txt	60	30	1	1	2	1	MIP	600.003	600	55	Feasible	1	82116
instance0_n_30_N_60_tf_0.4_rdd_1.0_mMax_1_m0_1_Vmax_2.0_V0_1.0	/home/schau/Documents/These/code/bilevel-scheduling/instances/performances/instance0_n_30_N_60_tf_0.4_rdd_1.0_mMax_1_m0_1_Vmax_2.0_V0_1.0.txt	60	30	1	1	2	1	MIP	1.36344	600	42	Optimal	1	806
instance1_n_30_N_60_tf_0.4_rdd_1.0_mMax_1_m0_1_Vmax_2.0_V0_1.0	/home/schau/Documents/These/code/bilevel-scheduling/instances/performances/instance1_n_30_N_60_tf_0.4_rdd_1.0_mMax_1_m0_1_Vmax_2.0_V0_1.0.txt	60	30	1	1	2	1	MIP	342.759	600	23	Optimal	1	97544
instance2_n_30_N_60_tf_0.4_rdd_1.0_mMax_1_m0_1_Vmax_2.0_V0_1.0	/home/schau/Documents/These/code/bilevel-scheduling/instances/performances/instance2_n_30_N_60_tf_0.4_rdd_1.0_mMax_1_m0_1_Vmax_2.0_V0_1.0.txt	60	30	1	1	2	1	MIP	24.5706	600	36	Optimal	1	10065
instance3_n_30_N_60_tf_0.4_rdd_1.0_mMax_1_m0_1_Vmax_2.0_V0_1.0	/home/schau/Documents/These/code/bilevel-scheduling/instances/performances/instance3_n_30_N_60_tf_0.4_rdd_1.0_mMax_1_m0_1_Vmax_2.0_V0_1.0.txt	60	30	1	1	2	1	MIP	600.003	600	29	Feasible	1	45063
instance4_n_30_N_60_tf_0.4_rdd_1.0_mMax_1_m0_1_Vmax_2.0_V0_1.0	/home/schau/Documents/These/code/bilevel-scheduling/instances/performances/instance4_n_30_N_60_tf_0.4_rdd_1.0_mMax_1_m0_1_Vmax_2.0_V0_1.0.txt	60	30	1	1	2	1	MIP	167.812	600	27	Optimal	1	33623
instance5_n_30_N_60_tf_0.4_rdd_1.0_mMax_1_m0_1_Vmax_2.0_V0_1.0	/home/schau/Documents/These/code/bilevel-scheduling/instances/performances/instance5_n_30_N_60_tf_0.4_rdd_1.0_mMax_1_m0_1_Vmax_2.0_V0_1.0.txt	60	30	1	1	2	1	MIP	49.24	600	56	Optimal	1	8364
instance6_n_30_N_60_tf_0.4_rdd_1.0_mMax_1_m0_1_Vmax_2.0_V0_1.0	/home/schau/Documents/These/code/bilevel-scheduling/instances/performances/instance6_n_30_N_60_tf_0.4_rdd_1.0_mMax_1_m0_1_Vmax_2.0_V0_1.0.txt	60	30	1	1	2	1	MIP	1.23987	600	28	Optimal	1	1739
instance7_n_30_N_60_tf_0.4_rdd_1.0_mMax_1_m0_1_Vmax_2.0_V0_1.0	/home/schau/Documents/These/code/bilevel-scheduling/instances/performances/instance7_n_30_N_60_tf_0.4_rdd_1.0_mMax_1_m0_1_Vmax_2.0_V0_1.0.txt	60	30	1	1	2	1	MIP	129.965	600	25	Optimal	1	13261
instance8_n_30_N_60_tf_0.4_rdd_1.0_mMax_1_m0_1_Vmax_2.0_V0_1.0	/home/schau/Documents/These/code/bilevel-scheduling/instances/performances/instance8_n_30_N_60_tf_0.4_rdd_1.0_mMax_1_m0_1_Vmax_2.0_V0_1.0.txt	60	30	1	1	2	1	MIP	600.003	600	17	Feasible	1	26739
instance9_n_30_N_60_tf_0.4_rdd_1.0_mMax_1_m0_1_Vmax_2.0_V0_1.0	/home/schau/Documents/These/code/bilevel-scheduling/instances/performances/instance9_n_30_N_60_tf_0.4_rdd_1.0_mMax_1_m0_1_Vmax_2.0_V0_1.0.txt	60	30	1	1	2	1	MIP	7.27648	600	37	Optimal	1	1939
instance0_n_30_N_60_tf_0.6_rdd_0.2_mMax_1_m0_1_Vmax_2.0_V0_1.0	/home/schau/Documents/These/code/bilevel-scheduling/instances/performances/instance0_n_30_N_60_tf_0.6_rdd_0.2_mMax_1_m0_1_Vmax_2.0_V0_1.0.txt	60	30	1	1	2	1	MIP	5.44324	600	62	Optimal	0	1269
instance1_n_30_N_60_tf_0.6_rdd_0.2_mMax_1_m0_1_Vmax_2.0_V0_1.0	/home/schau/Documents/These/code/bilevel-scheduling/instances/performances/instance1_n_30_N_60_tf_0.6_rdd_0.2_mMax_1_m0_1_Vmax_2.0_V0_1.0.txt	60	30	1	1	2	1	MIP	600.004	600	28	Feasible	1	27042
instance2_n_30_N_60_tf_0.6_rdd_0.2_mMax_1_m0_1_Vmax_2.0_V0_1.0	/home/schau/Documents/These/code/bilevel-scheduling/instances/performances/instance2_n_30_N_60_tf_0.6_rdd_0.2_mMax_1_m0_1_Vmax_2.0_V0_1.0.txt	60	30	1	1	2	1	MIP	108.033	600	41	Optimal	1	11568
instance3_n_30_N_60_tf_0.6_rdd_0.2_mMax_1_m0_1_Vmax_2.0_V0_1.0	/home/schau/Documents/These/code/bilevel-scheduling/instances/performances/instance3_n_30_N_60_tf_0.6_rdd_0.2_mMax_1_m0_1_Vmax_2.0_V0_1.0.txt	60	30	1	1	2	1	MIP	2.19521	600	64	Optimal	1	1643
instance4_n_30_N_60_tf_0.6_rdd_0.2_mMax_1_m0_1_Vmax_2.0_V0_1.0	/home/schau/Documents/These/code/bilevel-scheduling/instances/performances/instance4_n_30_N_60_tf_0.6_rdd_0.2_mMax_1_m0_1_Vmax_2.0_V0_1.0.txt	60	30	1	1	2	1	MIP	3.52382	600	59	Optimal	1	2092
instance5_n_30_N_60_tf_0.6_rdd_0.2_mMax_1_m0_1_Vmax_2.0_V0_1.0	/home/schau/Documents/These/code/bilevel-scheduling/instances/performances/instance5_n_30_N_60_tf_0.6_rdd_0.2_mMax_1_m0_1_Vmax_2.0_V0_1.0.txt	60	30	1	1	2	1	MIP	7.14377	600	49	Optimal	1	5073
instance6_n_30_N_60_tf_0.6_rdd_0.2_mMax_1_m0_1_Vmax_2.0_V0_1.0	/home/schau/Documents/These/code/bilevel-scheduling/instances/performances/instance6_n_30_N_60_tf_0.6_rdd_0.2_mMax_1_m0_1_Vmax_2.0_V0_1.0.txt	60	30	1	1	2	1	MIP	1.44358	600	40	Optimal	1	1576
instance7_n_30_N_60_tf_0.6_rdd_0.2_mMax_1_m0_1_Vmax_2.0_V0_1.0	/home/schau/Documents/These/code/bilevel-scheduling/instances/performances/instance7_n_30_N_60_tf_0.6_rdd_0.2_mMax_1_m0_1_Vmax_2.0_V0_1.0.txt	60	30	1	1	2	1	MIP	1.95626	600	52	Optimal	1	716
instance8_n_30_N_60_tf_0.6_rdd_0.2_mMax_1_m0_1_Vmax_2.0_V0_1.0	/home/schau/Documents/These/code/bilevel-scheduling/instances/performances/instance8_n_30_N_60_tf_0.6_rdd_0.2_mMax_1_m0_1_Vmax_2.0_V0_1.0.txt	60	30	1	1	2	1	MIP	289.181	600	62	Optimal	0	46776
instance9_n_30_N_60_tf_0.6_rdd_0.2_mMax_1_m0_1_Vmax_2.0_V0_1.0	/home/schau/Documents/These/code/bilevel-scheduling/instances/performances/instance9_n_30_N_60_tf_0.6_rdd_0.2_mMax_1_m0_1_Vmax_2.0_V0_1.0.txt	60	30	1	1	2	1	MIP	1.17718	600	74	Optimal	1	1125
instance0_n_30_N_60_tf_0.6_rdd_0.4_mMax_1_m0_1_Vmax_2.0_V0_1.0	/home/schau/Documents/These/code/bilevel-scheduling/instances/performances/instance0_n_30_N_60_tf_0.6_rdd_0.4_mMax_1_m0_1_Vmax_2.0_V0_1.0.txt	60	30	1	1	2	1	MIP	2.04422	600	52	Optimal	1	1042
instance1_n_30_N_60_tf_0.6_rdd_0.4_mMax_1_m0_1_Vmax_2.0_V0_1.0	/home/schau/Documents/These/code/bilevel-scheduling/instances/performances/instance1_n_30_N_60_tf_0.6_rdd_0.4_mMax_1_m0_1_Vmax_2.0_V0_1.0.txt	60	30	1	1	2	1	MIP	435.43	600	50	Optimal	1	73760
instance2_n_30_N_60_tf_0.6_rdd_0.4_mMax_1_m0_1_Vmax_2.0_V0_1.0	/home/schau/Documents/These/code/bilevel-scheduling/instances/performances/instance2_n_30_N_60_tf_0.6_rdd_0.4_mMax_1_m0_1_Vmax_2.0_V0_1.0.txt	60	30	1	1	2	1	MIP	182.02	600	47	Optimal	1	19778
instance3_n_30_N_60_tf_0.6_rdd_0.4_mMax_1_m0_1_Vmax_2.0_V0_1.0	/home/schau/Documents/These/code/bilevel-scheduling/instances/performances/instance3_n_30_N_60_tf_0.6_rdd_0.4_mMax_1_m0_1_Vmax_2.0_V0_1.0.txt	60	30	1	1	2	1	MIP	10.1889	600	33	Optimal	1	2283
instance4_n_30_N_60_tf_0.6_rdd_0.4_mMax_1_m0_1_Vmax_2.0_V0_1.0	/home/schau/Documents/These/code/bilevel-scheduling/instances/performances/instance4_n_30_N_60_tf_0.6_rdd_0.4_mMax_1_m0_1_Vmax_2.0_V0_1.0.txt	60	30	1	1	2	1	MIP	2.81378	600	52	Optimal	1	1526
instance5_n_30_N_60_tf_0.6_rdd_0.4_mMax_1_m0_1_Vmax_2.0_V0_1.0	/home/schau/Documents/These/code/bilevel-scheduling/instances/performances/instance5_n_30_N_60_tf_0.6_rdd_0.4_mMax_1_m0_1_Vmax_2.0_V0_1.0.txt	60	30	1	1	2	1	MIP	2.10934	600	66	Optimal	1	1022
instance6_n_30_N_60_tf_0.6_rdd_0.4_mMax_1_m0_1_Vmax_2.0_V0_1.0	/home/schau/Documents/These/code/bilevel-scheduling/instances/performances/instance6_n_30_N_60_tf_0.6_rdd_0.4_mMax_1_m0_1_Vmax_2.0_V0_1.0.txt	60	30	1	1	2	1	MIP	600.004	600	39	Feasible	1	46124
instance7_n_30_N_60_tf_0.6_rdd_0.4_mMax_1_m0_1_Vmax_2.0_V0_1.0	/home/schau/Documents/These/code/bilevel-scheduling/instances/performances/instance7_n_30_N_60_tf_0.6_rdd_0.4_mMax_1_m0_1_Vmax_2.0_V0_1.0.txt	60	30	1	1	2	1	MIP	6.35326	600	63	Optimal	1	3170
instance8_n_30_N_60_tf_0.6_rdd_0.4_mMax_1_m0_1_Vmax_2.0_V0_1.0	/home/schau/Documents/These/code/bilevel-scheduling/instances/performances/instance8_n_30_N_60_tf_0.6_rdd_0.4_mMax_1_m0_1_Vmax_2.0_V0_1.0.txt	60	30	1	1	2	1	MIP	21.3741	600	35	Optimal	1	2777
instance9_n_30_N_60_tf_0.6_rdd_0.4_mMax_1_m0_1_Vmax_2.0_V0_1.0	/home/schau/Documents/These/code/bilevel-scheduling/instances/performances/instance9_n_30_N_60_tf_0.6_rdd_0.4_mMax_1_m0_1_Vmax_2.0_V0_1.0.txt	60	30	1	1	2	1	MIP	25.3726	600	65	Optimal	0	6124
instance0_n_30_N_60_tf_0.6_rdd_0.6_mMax_1_m0_1_Vmax_2.0_V0_1.0	/home/schau/Documents/These/code/bilevel-scheduling/instances/performances/instance0_n_30_N_60_tf_0.6_rdd_0.6_mMax_1_m0_1_Vmax_2.0_V0_1.0.txt	60	30	1	1	2	1	MIP	5.03632	600	32	Optimal	1	2476
instance1_n_30_N_60_tf_0.6_rdd_0.6_mMax_1_m0_1_Vmax_2.0_V0_1.0	/home/schau/Documents/These/code/bilevel-scheduling/instances/performances/instance1_n_30_N_60_tf_0.6_rdd_0.6_mMax_1_m0_1_Vmax_2.0_V0_1.0.txt	60	30	1	1	2	1	MIP	11.0458	600	58	Optimal	1	3406
instance2_n_30_N_60_tf_0.6_rdd_0.6_mMax_1_m0_1_Vmax_2.0_V0_1.0	/home/schau/Documents/These/code/bilevel-scheduling/instances/performances/instance2_n_30_N_60_tf_0.6_rdd_0.6_mMax_1_m0_1_Vmax_2.0_V0_1.0.txt	60	30	1	1	2	1	MIP	600.003	600	34	Feasible	1	20989
instance3_n_30_N_60_tf_0.6_rdd_0.6_mMax_1_m0_1_Vmax_2.0_V0_1.0	/home/schau/Documents/These/code/bilevel-scheduling/instances/performances/instance3_n_30_N_60_tf_0.6_rdd_0.6_mMax_1_m0_1_Vmax_2.0_V0_1.0.txt	60	30	1	1	2	1	MIP	40.4634	600	60	Optimal	0	6386
instance4_n_30_N_60_tf_0.6_rdd_0.6_mMax_1_m0_1_Vmax_2.0_V0_1.0	/home/schau/Documents/These/code/bilevel-scheduling/instances/performances/instance4_n_30_N_60_tf_0.6_rdd_0.6_mMax_1_m0_1_Vmax_2.0_V0_1.0.txt	60	30	1	1	2	1	MIP	2.95281	600	49	Optimal	1	2008
instance5_n_30_N_60_tf_0.6_rdd_0.6_mMax_1_m0_1_Vmax_2.0_V0_1.0	/home/schau/Documents/These/code/bilevel-scheduling/instances/performances/instance5_n_30_N_60_tf_0.6_rdd_0.6_mMax_1_m0_1_Vmax_2.0_V0_1.0.txt	60	30	1	1	2	1	MIP	600.003	600	29	Feasible	0	56955
instance6_n_30_N_60_tf_0.6_rdd_0.6_mMax_1_m0_1_Vmax_2.0_V0_1.0	/home/schau/Documents/These/code/bilevel-scheduling/instances/performances/instance6_n_30_N_60_tf_0.6_rdd_0.6_mMax_1_m0_1_Vmax_2.0_V0_1.0.txt	60	30	1	1	2	1	MIP	3.95485	600	34	Optimal	1	3682
instance7_n_30_N_60_tf_0.6_rdd_0.6_mMax_1_m0_1_Vmax_2.0_V0_1.0	/home/schau/Documents/These/code/bilevel-scheduling/instances/performances/instance7_n_30_N_60_tf_0.6_rdd_0.6_mMax_1_m0_1_Vmax_2.0_V0_1.0.txt	60	30	1	1	2	1	MIP	74.0591	600	51	Optimal	1	26879
instance8_n_30_N_60_tf_0.6_rdd_0.6_mMax_1_m0_1_Vmax_2.0_V0_1.0	/home/schau/Documents/These/code/bilevel-scheduling/instances/performances/instance8_n_30_N_60_tf_0.6_rdd_0.6_mMax_1_m0_1_Vmax_2.0_V0_1.0.txt	60	30	1	1	2	1	MIP	43.754	600	70	Optimal	1	4909
instance9_n_30_N_60_tf_0.6_rdd_0.6_mMax_1_m0_1_Vmax_2.0_V0_1.0	/home/schau/Documents/These/code/bilevel-scheduling/instances/performances/instance9_n_30_N_60_tf_0.6_rdd_0.6_mMax_1_m0_1_Vmax_2.0_V0_1.0.txt	60	30	1	1	2	1	MIP	7.4987	600	57	Optimal	1	1768
instance0_n_30_N_60_tf_0.6_rdd_0.8_mMax_1_m0_1_Vmax_2.0_V0_1.0	/home/schau/Documents/These/code/bilevel-scheduling/instances/performances/instance0_n_30_N_60_tf_0.6_rdd_0.8_mMax_1_m0_1_Vmax_2.0_V0_1.0.txt	60	30	1	1	2	1	MIP	4.23793	600	34	Optimal	1	667
instance1_n_30_N_60_tf_0.6_rdd_0.8_mMax_1_m0_1_Vmax_2.0_V0_1.0	/home/schau/Documents/These/code/bilevel-scheduling/instances/performances/instance1_n_30_N_60_tf_0.6_rdd_0.8_mMax_1_m0_1_Vmax_2.0_V0_1.0.txt	60	30	1	1	2	1	MIP	2.35254	600	38	Optimal	1	545
instance2_n_30_N_60_tf_0.6_rdd_0.8_mMax_1_m0_1_Vmax_2.0_V0_1.0	/home/schau/Documents/These/code/bilevel-scheduling/instances/performances/instance2_n_30_N_60_tf_0.6_rdd_0.8_mMax_1_m0_1_Vmax_2.0_V0_1.0.txt	60	30	1	1	2	1	MIP	10.7003	600	45	Optimal	1	5838
instance3_n_30_N_60_tf_0.6_rdd_0.8_mMax_1_m0_1_Vmax_2.0_V0_1.0	/home/schau/Documents/These/code/bilevel-scheduling/instances/performances/instance3_n_30_N_60_tf_0.6_rdd_0.8_mMax_1_m0_1_Vmax_2.0_V0_1.0.txt	60	30	1	1	2	1	MIP	5.77886	600	52	Optimal	0	2813
instance4_n_30_N_60_tf_0.6_rdd_0.8_mMax_1_m0_1_Vmax_2.0_V0_1.0	/home/schau/Documents/These/code/bilevel-scheduling/instances/performances/instance4_n_30_N_60_tf_0.6_rdd_0.8_mMax_1_m0_1_Vmax_2.0_V0_1.0.txt	60	30	1	1	2	1	MIP	39.5187	600	38	Optimal	1	11621
instance5_n_30_N_60_tf_0.6_rdd_0.8_mMax_1_m0_1_Vmax_2.0_V0_1.0	/home/schau/Documents/These/code/bilevel-scheduling/instances/performances/instance5_n_30_N_60_tf_0.6_rdd_0.8_mMax_1_m0_1_Vmax_2.0_V0_1.0.txt	60	30	1	1	2	1	MIP	121.048	600	22	Optimal	1	12177
instance6_n_30_N_60_tf_0.6_rdd_0.8_mMax_1_m0_1_Vmax_2.0_V0_1.0	/home/schau/Documents/These/code/bilevel-scheduling/instances/performances/instance6_n_30_N_60_tf_0.6_rdd_0.8_mMax_1_m0_1_Vmax_2.0_V0_1.0.txt	60	30	1	1	2	1	MIP	2.62536	600	41	Optimal	1	2053
instance7_n_30_N_60_tf_0.6_rdd_0.8_mMax_1_m0_1_Vmax_2.0_V0_1.0	/home/schau/Documents/These/code/bilevel-scheduling/instances/performances/instance7_n_30_N_60_tf_0.6_rdd_0.8_mMax_1_m0_1_Vmax_2.0_V0_1.0.txt	60	30	1	1	2	1	MIP	131.735	600	38	Optimal	1	12274
instance8_n_30_N_60_tf_0.6_rdd_0.8_mMax_1_m0_1_Vmax_2.0_V0_1.0	/home/schau/Documents/These/code/bilevel-scheduling/instances/performances/instance8_n_30_N_60_tf_0.6_rdd_0.8_mMax_1_m0_1_Vmax_2.0_V0_1.0.txt	60	30	1	1	2	1	MIP	600.004	600	50	Feasible	1	43046
instance9_n_30_N_60_tf_0.6_rdd_0.8_mMax_1_m0_1_Vmax_2.0_V0_1.0	/home/schau/Documents/These/code/bilevel-scheduling/instances/performances/instance9_n_30_N_60_tf_0.6_rdd_0.8_mMax_1_m0_1_Vmax_2.0_V0_1.0.txt	60	30	1	1	2	1	MIP	6.24377	600	31	Optimal	1	3218
instance0_n_30_N_60_tf_0.6_rdd_1.0_mMax_1_m0_1_Vmax_2.0_V0_1.0	/home/schau/Documents/These/code/bilevel-scheduling/instances/performances/instance0_n_30_N_60_tf_0.6_rdd_1.0_mMax_1_m0_1_Vmax_2.0_V0_1.0.txt	60	30	1	1	2	1	MIP	1.89133	600	32	Optimal	1	2378
instance1_n_30_N_60_tf_0.6_rdd_1.0_mMax_1_m0_1_Vmax_2.0_V0_1.0	/home/schau/Documents/These/code/bilevel-scheduling/instances/performances/instance1_n_30_N_60_tf_0.6_rdd_1.0_mMax_1_m0_1_Vmax_2.0_V0_1.0.txt	60	30	1	1	2	1	MIP	600.004	600	22	Feasible	1	18510
instance2_n_30_N_60_tf_0.6_rdd_1.0_mMax_1_m0_1_Vmax_2.0_V0_1.0	/home/schau/Documents/These/code/bilevel-scheduling/instances/performances/instance2_n_30_N_60_tf_0.6_rdd_1.0_mMax_1_m0_1_Vmax_2.0_V0_1.0.txt	60	30	1	1	2	1	MIP	4.39372	600	42	Optimal	1	2203
instance3_n_30_N_60_tf_0.6_rdd_1.0_mMax_1_m0_1_Vmax_2.0_V0_1.0	/home/schau/Documents/These/code/bilevel-scheduling/instances/performances/instance3_n_30_N_60_tf_0.6_rdd_1.0_mMax_1_m0_1_Vmax_2.0_V0_1.0.txt	60	30	1	1	2	1	MIP	2.71053	600	67	Optimal	1	1824
instance4_n_30_N_60_tf_0.6_rdd_1.0_mMax_1_m0_1_Vmax_2.0_V0_1.0	/home/schau/Documents/These/code/bilevel-scheduling/instances/performances/instance4_n_30_N_60_tf_0.6_rdd_1.0_mMax_1_m0_1_Vmax_2.0_V0_1.0.txt	60	30	1	1	2	1	MIP	55.979	600	22	Optimal	0	5814
instance5_n_30_N_60_tf_0.6_rdd_1.0_mMax_1_m0_1_Vmax_2.0_V0_1.0	/home/schau/Documents/These/code/bilevel-scheduling/instances/performances/instance5_n_30_N_60_tf_0.6_rdd_1.0_mMax_1_m0_1_Vmax_2.0_V0_1.0.txt	60	30	1	1	2	1	MIP	19.7885	600	49	Optimal	0	4591
instance6_n_30_N_60_tf_0.6_rdd_1.0_mMax_1_m0_1_Vmax_2.0_V0_1.0	/home/schau/Documents/These/code/bilevel-scheduling/instances/performances/instance6_n_30_N_60_tf_0.6_rdd_1.0_mMax_1_m0_1_Vmax_2.0_V0_1.0.txt	60	30	1	1	2	1	MIP	22.0964	600	38	Optimal	0	5856
instance7_n_30_N_60_tf_0.6_rdd_1.0_mMax_1_m0_1_Vmax_2.0_V0_1.0	/home/schau/Documents/These/code/bilevel-scheduling/instances/performances/instance7_n_30_N_60_tf_0.6_rdd_1.0_mMax_1_m0_1_Vmax_2.0_V0_1.0.txt	60	30	1	1	2	1	MIP	1.78707	600	44	Optimal	1	1104
instance8_n_30_N_60_tf_0.6_rdd_1.0_mMax_1_m0_1_Vmax_2.0_V0_1.0	/home/schau/Documents/These/code/bilevel-scheduling/instances/performances/instance8_n_30_N_60_tf_0.6_rdd_1.0_mMax_1_m0_1_Vmax_2.0_V0_1.0.txt	60	30	1	1	2	1	MIP	2.38957	600	36	Optimal	0	1344
instance9_n_30_N_60_tf_0.6_rdd_1.0_mMax_1_m0_1_Vmax_2.0_V0_1.0	/home/schau/Documents/These/code/bilevel-scheduling/instances/performances/instance9_n_30_N_60_tf_0.6_rdd_1.0_mMax_1_m0_1_Vmax_2.0_V0_1.0.txt	60	30	1	1	2	1	MIP	4.45825	600	34	Optimal	1	2083
instance0_n_30_N_60_tf_0.8_rdd_0.2_mMax_1_m0_1_Vmax_2.0_V0_1.0	/home/schau/Documents/These/code/bilevel-scheduling/instances/performances/instance0_n_30_N_60_tf_0.8_rdd_0.2_mMax_1_m0_1_Vmax_2.0_V0_1.0.txt	60	30	1	1	2	1	MIP	1.06085	600	77	Optimal	1	690
instance1_n_30_N_60_tf_0.8_rdd_0.2_mMax_1_m0_1_Vmax_2.0_V0_1.0	/home/schau/Documents/These/code/bilevel-scheduling/instances/performances/instance1_n_30_N_60_tf_0.8_rdd_0.2_mMax_1_m0_1_Vmax_2.0_V0_1.0.txt	60	30	1	1	2	1	MIP	70.1864	600	63	Optimal	1	9935
instance2_n_30_N_60_tf_0.8_rdd_0.2_mMax_1_m0_1_Vmax_2.0_V0_1.0	/home/schau/Documents/These/code/bilevel-scheduling/instances/performances/instance2_n_30_N_60_tf_0.8_rdd_0.2_mMax_1_m0_1_Vmax_2.0_V0_1.0.txt	60	30	1	1	2	1	MIP	3.17624	600	59	Optimal	1	2915
instance3_n_30_N_60_tf_0.8_rdd_0.2_mMax_1_m0_1_Vmax_2.0_V0_1.0	/home/schau/Documents/These/code/bilevel-scheduling/instances/performances/instance3_n_30_N_60_tf_0.8_rdd_0.2_mMax_1_m0_1_Vmax_2.0_V0_1.0.txt	60	30	1	1	2	1	MIP	2.03965	600	46	Optimal	1	1322
instance4_n_30_N_60_tf_0.8_rdd_0.2_mMax_1_m0_1_Vmax_2.0_V0_1.0	/home/schau/Documents/These/code/bilevel-scheduling/instances/performances/instance4_n_30_N_60_tf_0.8_rdd_0.2_mMax_1_m0_1_Vmax_2.0_V0_1.0.txt	60	30	1	1	2	1	MIP	1.58105	600	47	Optimal	1	1221
instance5_n_30_N_60_tf_0.8_rdd_0.2_mMax_1_m0_1_Vmax_2.0_V0_1.0	/home/schau/Documents/These/code/bilevel-scheduling/instances/performances/instance5_n_30_N_60_tf_0.8_rdd_0.2_mMax_1_m0_1_Vmax_2.0_V0_1.0.txt	60	30	1	1	2	1	MIP	0.568803	600	59	Optimal	1	0
instance6_n_30_N_60_tf_0.8_rdd_0.2_mMax_1_m0_1_Vmax_2.0_V0_1.0	/home/schau/Documents/These/code/bilevel-scheduling/instances/performances/instance6_n_30_N_60_tf_0.8_rdd_0.2_mMax_1_m0_1_Vmax_2.0_V0_1.0.txt	60	30	1	1	2	1	MIP	2.3935	600	89	Optimal	1	783
instance7_n_30_N_60_tf_0.8_rdd_0.2_mMax_1_m0_1_Vmax_2.0_V0_1.0	/home/schau/Documents/These/code/bilevel-scheduling/instances/performances/instance7_n_30_N_60_tf_0.8_rdd_0.2_mMax_1_m0_1_Vmax_2.0_V0_1.0.txt	60	30	1	1	2	1	MIP	0.638025	600	97	Optimal	1	0
instance8_n_30_N_60_tf_0.8_rdd_0.2_mMax_1_m0_1_Vmax_2.0_V0_1.0	/home/schau/Documents/These/code/bilevel-scheduling/instances/performances/instance8_n_30_N_60_tf_0.8_rdd_0.2_mMax_1_m0_1_Vmax_2.0_V0_1.0.txt	60	30	1	1	2	1	MIP	2.35195	600	67	Optimal	1	1164
instance9_n_30_N_60_tf_0.8_rdd_0.2_mMax_1_m0_1_Vmax_2.0_V0_1.0	/home/schau/Documents/These/code/bilevel-scheduling/instances/performances/instance9_n_30_N_60_tf_0.8_rdd_0.2_mMax_1_m0_1_Vmax_2.0_V0_1.0.txt	60	30	1	1	2	1	MIP	10.8391	600	48	Optimal	1	2688
instance0_n_30_N_60_tf_0.8_rdd_0.4_mMax_1_m0_1_Vmax_2.0_V0_1.0	/home/schau/Documents/These/code/bilevel-scheduling/instances/performances/instance0_n_30_N_60_tf_0.8_rdd_0.4_mMax_1_m0_1_Vmax_2.0_V0_1.0.txt	60	30	1	1	2	1	MIP	41.1645	600	62	Optimal	1	5654
instance1_n_30_N_60_tf_0.8_rdd_0.4_mMax_1_m0_1_Vmax_2.0_V0_1.0	/home/schau/Documents/These/code/bilevel-scheduling/instances/performances/instance1_n_30_N_60_tf_0.8_rdd_0.4_mMax_1_m0_1_Vmax_2.0_V0_1.0.txt	60	30	1	1	2	1	MIP	8.08057	600	61	Optimal	1	3760
instance2_n_30_N_60_tf_0.8_rdd_0.4_mMax_1_m0_1_Vmax_2.0_V0_1.0	/home/schau/Documents/These/code/bilevel-scheduling/instances/performances/instance2_n_30_N_60_tf_0.8_rdd_0.4_mMax_1_m0_1_Vmax_2.0_V0_1.0.txt	60	30	1	1	2	1	MIP	2.69846	600	60	Optimal	1	604
instance3_n_30_N_60_tf_0.8_rdd_0.4_mMax_1_m0_1_Vmax_2.0_V0_1.0	/home/schau/Documents/These/code/bilevel-scheduling/instances/performances/instance3_n_30_N_60_tf_0.8_rdd_0.4_mMax_1_m0_1_Vmax_2.0_V0_1.0.txt	60	30	1	1	2	1	MIP	17.1592	600	64	Optimal	1	6751
instance4_n_30_N_60_tf_0.8_rdd_0.4_mMax_1_m0_1_Vmax_2.0_V0_1.0	/home/schau/Documents/These/code/bilevel-scheduling/instances/performances/instance4_n_30_N_60_tf_0.8_rdd_0.4_mMax_1_m0_1_Vmax_2.0_V0_1.0.txt	60	30	1	1	2	1	MIP	4.55152	600	66	Optimal	0	2315
instance5_n_30_N_60_tf_0.8_rdd_0.4_mMax_1_m0_1_Vmax_2.0_V0_1.0	/home/schau/Documents/These/code/bilevel-scheduling/instances/performances/instance5_n_30_N_60_tf_0.8_rdd_0.4_mMax_1_m0_1_Vmax_2.0_V0_1.0.txt	60	30	1	1	2	1	MIP	2.17468	600	50	Optimal	1	1658
instance6_n_30_N_60_tf_0.8_rdd_0.4_mMax_1_m0_1_Vmax_2.0_V0_1.0	/home/schau/Documents/These/code/bilevel-scheduling/instances/performances/instance6_n_30_N_60_tf_0.8_rdd_0.4_mMax_1_m0_1_Vmax_2.0_V0_1.0.txt	60	30	1	1	2	1	MIP	34.3737	600	67	Optimal	1	6903
instance7_n_30_N_60_tf_0.8_rdd_0.4_mMax_1_m0_1_Vmax_2.0_V0_1.0	/home/schau/Documents/These/code/bilevel-scheduling/instances/performances/instance7_n_30_N_60_tf_0.8_rdd_0.4_mMax_1_m0_1_Vmax_2.0_V0_1.0.txt	60	30	1	1	2	1	MIP	10.0568	600	72	Optimal	1	4246
instance8_n_30_N_60_tf_0.8_rdd_0.4_mMax_1_m0_1_Vmax_2.0_V0_1.0	/home/schau/Documents/These/code/bilevel-scheduling/instances/performances/instance8_n_30_N_60_tf_0.8_rdd_0.4_mMax_1_m0_1_Vmax_2.0_V0_1.0.txt	60	30	1	1	2	1	MIP	14.3095	600	63	Optimal	0	5307
instance9_n_30_N_60_tf_0.8_rdd_0.4_mMax_1_m0_1_Vmax_2.0_V0_1.0	/home/schau/Documents/These/code/bilevel-scheduling/instances/performances/instance9_n_30_N_60_tf_0.8_rdd_0.4_mMax_1_m0_1_Vmax_2.0_V0_1.0.txt	60	30	1	1	2	1	MIP	14.7957	600	83	Optimal	1	3020
instance0_n_30_N_60_tf_0.8_rdd_0.6_mMax_1_m0_1_Vmax_2.0_V0_1.0	/home/schau/Documents/These/code/bilevel-scheduling/instances/performances/instance0_n_30_N_60_tf_0.8_rdd_0.6_mMax_1_m0_1_Vmax_2.0_V0_1.0.txt	60	30	1	1	2	1	MIP	6.37094	600	56	Optimal	1	1640
instance1_n_30_N_60_tf_0.8_rdd_0.6_mMax_1_m0_1_Vmax_2.0_V0_1.0	/home/schau/Documents/These/code/bilevel-scheduling/instances/performances/instance1_n_30_N_60_tf_0.8_rdd_0.6_mMax_1_m0_1_Vmax_2.0_V0_1.0.txt	60	30	1	1	2	1	MIP	128.222	600	50	Optimal	0	11572
instance2_n_30_N_60_tf_0.8_rdd_0.6_mMax_1_m0_1_Vmax_2.0_V0_1.0	/home/schau/Documents/These/code/bilevel-scheduling/instances/performances/instance2_n_30_N_60_tf_0.8_rdd_0.6_mMax_1_m0_1_Vmax_2.0_V0_1.0.txt	60	30	1	1	2	1	MIP	37.9405	600	51	Optimal	1	10406
instance3_n_30_N_60_tf_0.8_rdd_0.6_mMax_1_m0_1_Vmax_2.0_V0_1.0	/home/schau/Documents/These/code/bilevel-scheduling/instances/performances/instance3_n_30_N_60_tf_0.8_rdd_0.6_mMax_1_m0_1_Vmax_2.0_V0_1.0.txt	60	30	1	1	2	1	MIP	600.004	600	40	Feasible	1	54358
instance4_n_30_N_60_tf_0.8_rdd_0.6_mMax_1_m0_1_Vmax_2.0_V0_1.0	/home/schau/Documents/These/code/bilevel-scheduling/instances/performances/instance4_n_30_N_60_tf_0.8_rdd_0.6_mMax_1_m0_1_Vmax_2.0_V0_1.0.txt	60	30	1	1	2	1	MIP	1.04801	600	62	Optimal	1	1779
instance5_n_30_N_60_tf_0.8_rdd_0.6_mMax_1_m0_1_Vmax_2.0_V0_1.0	/home/schau/Documents/These/code/bilevel-scheduling/instances/performances/instance5_n_30_N_60_tf_0.8_rdd_0.6_mMax_1_m0_1_Vmax_2.0_V0_1.0.txt	60	30	1	1	2	1	MIP	86.9271	600	33	Optimal	0	9267
instance6_n_30_N_60_tf_0.8_rdd_0.6_mMax_1_m0_1_Vmax_2.0_V0_1.0	/home/schau/Documents/These/code/bilevel-scheduling/instances/performances/instance6_n_30_N_60_tf_0.8_rdd_0.6_mMax_1_m0_1_Vmax_2.0_V0_1.0.txt	60	30	1	1	2	1	MIP	600.003	600	38	Feasible	0	45287
instance7_n_30_N_60_tf_0.8_rdd_0.6_mMax_1_m0_1_Vmax_2.0_V0_1.0	/home/schau/Documents/These/code/bilevel-scheduling/instances/performances/instance7_n_30_N_60_tf_0.8_rdd_0.6_mMax_1_m0_1_Vmax_2.0_V0_1.0.txt	60	30	1	1	2	1	MIP	0.484786	600	45	Optimal	1	0
instance8_n_30_N_60_tf_0.8_rdd_0.6_mMax_1_m0_1_Vmax_2.0_V0_1.0	/home/schau/Documents/These/code/bilevel-scheduling/instances/performances/instance8_n_30_N_60_tf_0.8_rdd_0.6_mMax_1_m0_1_Vmax_2.0_V0_1.0.txt	60	30	1	1	2	1	MIP	54.731	600	47	Optimal	0	3429
instance9_n_30_N_60_tf_0.8_rdd_0.6_mMax_1_m0_1_Vmax_2.0_V0_1.0	/home/schau/Documents/These/code/bilevel-scheduling/instances/performances/instance9_n_30_N_60_tf_0.8_rdd_0.6_mMax_1_m0_1_Vmax_2.0_V0_1.0.txt	60	30	1	1	2	1	MIP	600.003	600	56	Feasible	1	51075
instance0_n_30_N_60_tf_0.8_rdd_0.8_mMax_1_m0_1_Vmax_2.0_V0_1.0	/home/schau/Documents/These/code/bilevel-scheduling/instances/performances/instance0_n_30_N_60_tf_0.8_rdd_0.8_mMax_1_m0_1_Vmax_2.0_V0_1.0.txt	60	30	1	1	2	1	MIP	14.1224	600	36	Optimal	1	3503
instance1_n_30_N_60_tf_0.8_rdd_0.8_mMax_1_m0_1_Vmax_2.0_V0_1.0	/home/schau/Documents/These/code/bilevel-scheduling/instances/performances/instance1_n_30_N_60_tf_0.8_rdd_0.8_mMax_1_m0_1_Vmax_2.0_V0_1.0.txt	60	30	1	1	2	1	MIP	1.57716	600	50	Optimal	1	857
instance2_n_30_N_60_tf_0.8_rdd_0.8_mMax_1_m0_1_Vmax_2.0_V0_1.0	/home/schau/Documents/These/code/bilevel-scheduling/instances/performances/instance2_n_30_N_60_tf_0.8_rdd_0.8_mMax_1_m0_1_Vmax_2.0_V0_1.0.txt	60	30	1	1	2	1	MIP	2.70981	600	46	Optimal	1	650
instance3_n_30_N_60_tf_0.8_rdd_0.8_mMax_1_m0_1_Vmax_2.0_V0_1.0	/home/schau/Documents/These/code/bilevel-scheduling/instances/performances/instance3_n_30_N_60_tf_0.8_rdd_0.8_mMax_1_m0_1_Vmax_2.0_V0_1.0.txt	60	30	1	1	2	1	MIP	12.5669	600	35	Optimal	1	7569
instance4_n_30_N_60_tf_0.8_rdd_0.8_mMax_1_m0_1_Vmax_2.0_V0_1.0	/home/schau/Documents/These/code/bilevel-scheduling/instances/performances/instance4_n_30_N_60_tf_0.8_rdd_0.8_mMax_1_m0_1_Vmax_2.0_V0_1.0.txt	60	30	1	1	2	1	MIP	104.061	600	58	Optimal	1	12767
instance5_n_30_N_60_tf_0.8_rdd_0.8_mMax_1_m0_1_Vmax_2.0_V0_1.0	/home/schau/Documents/These/code/bilevel-scheduling/instances/performances/instance5_n_30_N_60_tf_0.8_rdd_0.8_mMax_1_m0_1_Vmax_2.0_V0_1.0.txt	60	30	1	1	2	1	MIP	0.882791	600	52	Optimal	1	956
instance6_n_30_N_60_tf_0.8_rdd_0.8_mMax_1_m0_1_Vmax_2.0_V0_1.0	/home/schau/Documents/These/code/bilevel-scheduling/instances/performances/instance6_n_30_N_60_tf_0.8_rdd_0.8_mMax_1_m0_1_Vmax_2.0_V0_1.0.txt	60	30	1	1	2	1	MIP	8.86205	600	38	Optimal	1	1182
instance7_n_30_N_60_tf_0.8_rdd_0.8_mMax_1_m0_1_Vmax_2.0_V0_1.0	/home/schau/Documents/These/code/bilevel-scheduling/instances/performances/instance7_n_30_N_60_tf_0.8_rdd_0.8_mMax_1_m0_1_Vmax_2.0_V0_1.0.txt	60	30	1	1	2	1	MIP	35.4604	600	48	Optimal	0	4861
instance8_n_30_N_60_tf_0.8_rdd_0.8_mMax_1_m0_1_Vmax_2.0_V0_1.0	/home/schau/Documents/These/code/bilevel-scheduling/instances/performances/instance8_n_30_N_60_tf_0.8_rdd_0.8_mMax_1_m0_1_Vmax_2.0_V0_1.0.txt	60	30	1	1	2	1	MIP	2.0197	600	47	Optimal	1	1518
instance9_n_30_N_60_tf_0.8_rdd_0.8_mMax_1_m0_1_Vmax_2.0_V0_1.0	/home/schau/Documents/These/code/bilevel-scheduling/instances/performances/instance9_n_30_N_60_tf_0.8_rdd_0.8_mMax_1_m0_1_Vmax_2.0_V0_1.0.txt	60	30	1	1	2	1	MIP	4.52413	600	60	Optimal	1	3645
instance0_n_30_N_60_tf_0.8_rdd_1.0_mMax_1_m0_1_Vmax_2.0_V0_1.0	/home/schau/Documents/These/code/bilevel-scheduling/instances/performances/instance0_n_30_N_60_tf_0.8_rdd_1.0_mMax_1_m0_1_Vmax_2.0_V0_1.0.txt	60	30	1	1	2	1	MIP	2.59386	600	56	Optimal	1	2308
instance1_n_30_N_60_tf_0.8_rdd_1.0_mMax_1_m0_1_Vmax_2.0_V0_1.0	/home/schau/Documents/These/code/bilevel-scheduling/instances/performances/instance1_n_30_N_60_tf_0.8_rdd_1.0_mMax_1_m0_1_Vmax_2.0_V0_1.0.txt	60	30	1	1	2	1	MIP	7.20492	600	45	Optimal	1	4267
instance2_n_30_N_60_tf_0.8_rdd_1.0_mMax_1_m0_1_Vmax_2.0_V0_1.0	/home/schau/Documents/These/code/bilevel-scheduling/instances/performances/instance2_n_30_N_60_tf_0.8_rdd_1.0_mMax_1_m0_1_Vmax_2.0_V0_1.0.txt	60	30	1	1	2	1	MIP	2.81581	600	52	Optimal	1	1230
instance3_n_30_N_60_tf_0.8_rdd_1.0_mMax_1_m0_1_Vmax_2.0_V0_1.0	/home/schau/Documents/These/code/bilevel-scheduling/instances/performances/instance3_n_30_N_60_tf_0.8_rdd_1.0_mMax_1_m0_1_Vmax_2.0_V0_1.0.txt	60	30	1	1	2	1	MIP	3.61171	600	44	Optimal	1	1569
instance4_n_30_N_60_tf_0.8_rdd_1.0_mMax_1_m0_1_Vmax_2.0_V0_1.0	/home/schau/Documents/These/code/bilevel-scheduling/instances/performances/instance4_n_30_N_60_tf_0.8_rdd_1.0_mMax_1_m0_1_Vmax_2.0_V0_1.0.txt	60	30	1	1	2	1	MIP	0.620405	600	40	Optimal	1	0
instance5_n_30_N_60_tf_0.8_rdd_1.0_mMax_1_m0_1_Vmax_2.0_V0_1.0	/home/schau/Documents/These/code/bilevel-scheduling/instances/performances/instance5_n_30_N_60_tf_0.8_rdd_1.0_mMax_1_m0_1_Vmax_2.0_V0_1.0.txt	60	30	1	1	2	1	MIP	5.59005	600	53	Optimal	1	3061
instance6_n_30_N_60_tf_0.8_rdd_1.0_mMax_1_m0_1_Vmax_2.0_V0_1.0	/home/schau/Documents/These/code/bilevel-scheduling/instances/performances/instance6_n_30_N_60_tf_0.8_rdd_1.0_mMax_1_m0_1_Vmax_2.0_V0_1.0.txt	60	30	1	1	2	1	MIP	23.9245	600	52	Optimal	1	5729
instance7_n_30_N_60_tf_0.8_rdd_1.0_mMax_1_m0_1_Vmax_2.0_V0_1.0	/home/schau/Documents/These/code/bilevel-scheduling/instances/performances/instance7_n_30_N_60_tf_0.8_rdd_1.0_mMax_1_m0_1_Vmax_2.0_V0_1.0.txt	60	30	1	1	2	1	MIP	20.3867	600	58	Optimal	0	5474
instance8_n_30_N_60_tf_0.8_rdd_1.0_mMax_1_m0_1_Vmax_2.0_V0_1.0	/home/schau/Documents/These/code/bilevel-scheduling/instances/performances/instance8_n_30_N_60_tf_0.8_rdd_1.0_mMax_1_m0_1_Vmax_2.0_V0_1.0.txt	60	30	1	1	2	1	MIP	28.3136	600	29	Optimal	0	3480
instance9_n_30_N_60_tf_0.8_rdd_1.0_mMax_1_m0_1_Vmax_2.0_V0_1.0	/home/schau/Documents/These/code/bilevel-scheduling/instances/performances/instance9_n_30_N_60_tf_0.8_rdd_1.0_mMax_1_m0_1_Vmax_2.0_V0_1.0.txt	60	30	1	1	2	1	MIP	5.34692	600	45	Optimal	1	3449
instance0_n_30_N_60_tf_1.0_rdd_0.2_mMax_1_m0_1_Vmax_2.0_V0_1.0	/home/schau/Documents/These/code/bilevel-scheduling/instances/performances/instance0_n_30_N_60_tf_1.0_rdd_0.2_mMax_1_m0_1_Vmax_2.0_V0_1.0.txt	60	30	1	1	2	1	MIP	8.32587	600	59	Optimal	1	4443
instance1_n_30_N_60_tf_1.0_rdd_0.2_mMax_1_m0_1_Vmax_2.0_V0_1.0	/home/schau/Documents/These/code/bilevel-scheduling/instances/performances/instance1_n_30_N_60_tf_1.0_rdd_0.2_mMax_1_m0_1_Vmax_2.0_V0_1.0.txt	60	30	1	1	2	1	MIP	8.43989	600	65	Optimal	1	7372
instance2_n_30_N_60_tf_1.0_rdd_0.2_mMax_1_m0_1_Vmax_2.0_V0_1.0	/home/schau/Documents/These/code/bilevel-scheduling/instances/performances/instance2_n_30_N_60_tf_1.0_rdd_0.2_mMax_1_m0_1_Vmax_2.0_V0_1.0.txt	60	30	1	1	2	1	MIP	4.11735	600	104	Optimal	1	2719
instance3_n_30_N_60_tf_1.0_rdd_0.2_mMax_1_m0_1_Vmax_2.0_V0_1.0	/home/schau/Documents/These/code/bilevel-scheduling/instances/performances/instance3_n_30_N_60_tf_1.0_rdd_0.2_mMax_1_m0_1_Vmax_2.0_V0_1.0.txt	60	30	1	1	2	1	MIP	0.529537	600	84	Optimal	1	89
instance4_n_30_N_60_tf_1.0_rdd_0.2_mMax_1_m0_1_Vmax_2.0_V0_1.0	/home/schau/Documents/These/code/bilevel-scheduling/instances/performances/instance4_n_30_N_60_tf_1.0_rdd_0.2_mMax_1_m0_1_Vmax_2.0_V0_1.0.txt	60	30	1	1	2	1	MIP	8.73405	600	83	Optimal	1	2351
instance5_n_30_N_60_tf_1.0_rdd_0.2_mMax_1_m0_1_Vmax_2.0_V0_1.0	/home/schau/Documents/These/code/bilevel-scheduling/instances/performances/instance5_n_30_N_60_tf_1.0_rdd_0.2_mMax_1_m0_1_Vmax_2.0_V0_1.0.txt	60	30	1	1	2	1	MIP	0.481144	600	82	Optimal	1	10
instance6_n_30_N_60_tf_1.0_rdd_0.2_mMax_1_m0_1_Vmax_2.0_V0_1.0	/home/schau/Documents/These/code/bilevel-scheduling/instances/performances/instance6_n_30_N_60_tf_1.0_rdd_0.2_mMax_1_m0_1_Vmax_2.0_V0_1.0.txt	60	30	1	1	2	1	MIP	2.9572	600	59	Optimal	1	2638
instance7_n_30_N_60_tf_1.0_rdd_0.2_mMax_1_m0_1_Vmax_2.0_V0_1.0	/home/schau/Documents/These/code/bilevel-scheduling/instances/performances/instance7_n_30_N_60_tf_1.0_rdd_0.2_mMax_1_m0_1_Vmax_2.0_V0_1.0.txt	60	30	1	1	2	1	MIP	2.03479	600	82	Optimal	1	1451
instance8_n_30_N_60_tf_1.0_rdd_0.2_mMax_1_m0_1_Vmax_2.0_V0_1.0	/home/schau/Documents/These/code/bilevel-scheduling/instances/performances/instance8_n_30_N_60_tf_1.0_rdd_0.2_mMax_1_m0_1_Vmax_2.0_V0_1.0.txt	60	30	1	1	2	1	MIP	31.0464	600	70	Optimal	1	7671
instance9_n_30_N_60_tf_1.0_rdd_0.2_mMax_1_m0_1_Vmax_2.0_V0_1.0	/home/schau/Documents/These/code/bilevel-scheduling/instances/performances/instance9_n_30_N_60_tf_1.0_rdd_0.2_mMax_1_m0_1_Vmax_2.0_V0_1.0.txt	60	30	1	1	2	1	MIP	1.7594	600	48	Optimal	1	1207
instance0_n_30_N_60_tf_1.0_rdd_0.4_mMax_1_m0_1_Vmax_2.0_V0_1.0	/home/schau/Documents/These/code/bilevel-scheduling/instances/performances/instance0_n_30_N_60_tf_1.0_rdd_0.4_mMax_1_m0_1_Vmax_2.0_V0_1.0.txt	60	30	1	1	2	1	MIP	0.422444	600	56	Optimal	1	77
instance1_n_30_N_60_tf_1.0_rdd_0.4_mMax_1_m0_1_Vmax_2.0_V0_1.0	/home/schau/Documents/These/code/bilevel-scheduling/instances/performances/instance1_n_30_N_60_tf_1.0_rdd_0.4_mMax_1_m0_1_Vmax_2.0_V0_1.0.txt	60	30	1	1	2	1	MIP	3.61646	600	50	Optimal	1	2808
instance2_n_30_N_60_tf_1.0_rdd_0.4_mMax_1_m0_1_Vmax_2.0_V0_1.0	/home/schau/Documents/These/code/bilevel-scheduling/instances/performances/instance2_n_30_N_60_tf_1.0_rdd_0.4_mMax_1_m0_1_Vmax_2.0_V0_1.0.txt	60	30	1	1	2	1	MIP	8.37757	600	67	Optimal	1	1198
instance3_n_30_N_60_tf_1.0_rdd_0.4_mMax_1_m0_1_Vmax_2.0_V0_1.0	/home/schau/Documents/These/code/bilevel-scheduling/instances/performances/instance3_n_30_N_60_tf_1.0_rdd_0.4_mMax_1_m0_1_Vmax_2.0_V0_1.0.txt	60	30	1	1	2	1	MIP	2.81223	600	71	Optimal	1	2735
instance4_n_30_N_60_tf_1.0_rdd_0.4_mMax_1_m0_1_Vmax_2.0_V0_1.0	/home/schau/Documents/These/code/bilevel-scheduling/instances/performances/instance4_n_30_N_60_tf_1.0_rdd_0.4_mMax_1_m0_1_Vmax_2.0_V0_1.0.txt	60	30	1	1	2	1	MIP	1.60254	600	74	Optimal	1	2537
instance5_n_30_N_60_tf_1.0_rdd_0.4_mMax_1_m0_1_Vmax_2.0_V0_1.0	/home/schau/Documents/These/code/bilevel-scheduling/instances/performances/instance5_n_30_N_60_tf_1.0_rdd_0.4_mMax_1_m0_1_Vmax_2.0_V0_1.0.txt	60	30	1	1	2	1	MIP	30.0463	600	47	Optimal	1	12965
instance6_n_30_N_60_tf_1.0_rdd_0.4_mMax_1_m0_1_Vmax_2.0_V0_1.0	/home/schau/Documents/These/code/bilevel-scheduling/instances/performances/instance6_n_30_N_60_tf_1.0_rdd_0.4_mMax_1_m0_1_Vmax_2.0_V0_1.0.txt	60	30	1	1	2	1	MIP	11.3072	600	68	Optimal	1	4380
instance7_n_30_N_60_tf_1.0_rdd_0.4_mMax_1_m0_1_Vmax_2.0_V0_1.0	/home/schau/Documents/These/code/bilevel-scheduling/instances/performances/instance7_n_30_N_60_tf_1.0_rdd_0.4_mMax_1_m0_1_Vmax_2.0_V0_1.0.txt	60	30	1	1	2	1	MIP	62.6038	600	61	Optimal	1	6188
instance8_n_30_N_60_tf_1.0_rdd_0.4_mMax_1_m0_1_Vmax_2.0_V0_1.0	/home/schau/Documents/These/code/bilevel-scheduling/instances/performances/instance8_n_30_N_60_tf_1.0_rdd_0.4_mMax_1_m0_1_Vmax_2.0_V0_1.0.txt	60	30	1	1	2	1	MIP	3.22928	600	63	Optimal	1	2246
instance9_n_30_N_60_tf_1.0_rdd_0.4_mMax_1_m0_1_Vmax_2.0_V0_1.0	/home/schau/Documents/These/code/bilevel-scheduling/instances/performances/instance9_n_30_N_60_tf_1.0_rdd_0.4_mMax_1_m0_1_Vmax_2.0_V0_1.0.txt	60	30	1	1	2	1	MIP	1.60933	600	78	Optimal	1	634
instance0_n_30_N_60_tf_1.0_rdd_0.6_mMax_1_m0_1_Vmax_2.0_V0_1.0	/home/schau/Documents/These/code/bilevel-scheduling/instances/performances/instance0_n_30_N_60_tf_1.0_rdd_0.6_mMax_1_m0_1_Vmax_2.0_V0_1.0.txt	60	30	1	1	2	1	MIP	3.00876	600	45	Optimal	1	2143
instance1_n_30_N_60_tf_1.0_rdd_0.6_mMax_1_m0_1_Vmax_2.0_V0_1.0	/home/schau/Documents/These/code/bilevel-scheduling/instances/performances/instance1_n_30_N_60_tf_1.0_rdd_0.6_mMax_1_m0_1_Vmax_2.0_V0_1.0.txt	60	30	1	1	2	1	MIP	2.9574	600	74	Optimal	1	1810
instance2_n_30_N_60_tf_1.0_rdd_0.6_mMax_1_m0_1_Vmax_2.0_V0_1.0	/home/schau/Documents/These/code/bilevel-scheduling/instances/performances/instance2_n_30_N_60_tf_1.0_rdd_0.6_mMax_1_m0_1_Vmax_2.0_V0_1.0.txt	60	30	1	1	2	1	MIP	37.201	600	46	Optimal	1	7660
instance3_n_30_N_60_tf_1.0_rdd_0.6_mMax_1_m0_1_Vmax_2.0_V0_1.0	/home/schau/Documents/These/code/bilevel-scheduling/instances/performances/instance3_n_30_N_60_tf_1.0_rdd_0.6_mMax_1_m0_1_Vmax_2.0_V0_1.0.txt	60	30	1	1	2	1	MIP	6.10884	600	93	Optimal	1	4002
instance4_n_30_N_60_tf_1.0_rdd_0.6_mMax_1_m0_1_Vmax_2.0_V0_1.0	/home/schau/Documents/These/code/bilevel-scheduling/instances/performances/instance4_n_30_N_60_tf_1.0_rdd_0.6_mMax_1_m0_1_Vmax_2.0_V0_1.0.txt	60	30	1	1	2	1	MIP	6.05144	600	48	Optimal	1	2411
instance5_n_30_N_60_tf_1.0_rdd_0.6_mMax_1_m0_1_Vmax_2.0_V0_1.0	/home/schau/Documents/These/code/bilevel-scheduling/instances/performances/instance5_n_30_N_60_tf_1.0_rdd_0.6_mMax_1_m0_1_Vmax_2.0_V0_1.0.txt	60	30	1	1	2	1	MIP	29.8099	600	69	Optimal	1	5429
instance6_n_30_N_60_tf_1.0_rdd_0.6_mMax_1_m0_1_Vmax_2.0_V0_1.0	/home/schau/Documents/These/code/bilevel-scheduling/instances/performances/instance6_n_30_N_60_tf_1.0_rdd_0.6_mMax_1_m0_1_Vmax_2.0_V0_1.0.txt	60	30	1	1	2	1	MIP	2.68209	600	69	Optimal	1	1418
instance7_n_30_N_60_tf_1.0_rdd_0.6_mMax_1_m0_1_Vmax_2.0_V0_1.0	/home/schau/Documents/These/code/bilevel-scheduling/instances/performances/instance7_n_30_N_60_tf_1.0_rdd_0.6_mMax_1_m0_1_Vmax_2.0_V0_1.0.txt	60	30	1	1	2	1	MIP	18.9175	600	66	Optimal	0	4890
instance8_n_30_N_60_tf_1.0_rdd_0.6_mMax_1_m0_1_Vmax_2.0_V0_1.0	/home/schau/Documents/These/code/bilevel-scheduling/instances/performances/instance8_n_30_N_60_tf_1.0_rdd_0.6_mMax_1_m0_1_Vmax_2.0_V0_1.0.txt	60	30	1	1	2	1	MIP	426.72	600	62	Optimal	1	64028
instance9_n_30_N_60_tf_1.0_rdd_0.6_mMax_1_m0_1_Vmax_2.0_V0_1.0	/home/schau/Documents/These/code/bilevel-scheduling/instances/performances/instance9_n_30_N_60_tf_1.0_rdd_0.6_mMax_1_m0_1_Vmax_2.0_V0_1.0.txt	60	30	1	1	2	1	MIP	347.321	600	61	Optimal	1	14687
instance0_n_30_N_60_tf_1.0_rdd_0.8_mMax_1_m0_1_Vmax_2.0_V0_1.0	/home/schau/Documents/These/code/bilevel-scheduling/instances/performances/instance0_n_30_N_60_tf_1.0_rdd_0.8_mMax_1_m0_1_Vmax_2.0_V0_1.0.txt	60	30	1	1	2	1	MIP	5.93653	600	60	Optimal	1	3870
instance1_n_30_N_60_tf_1.0_rdd_0.8_mMax_1_m0_1_Vmax_2.0_V0_1.0	/home/schau/Documents/These/code/bilevel-scheduling/instances/performances/instance1_n_30_N_60_tf_1.0_rdd_0.8_mMax_1_m0_1_Vmax_2.0_V0_1.0.txt	60	30	1	1	2	1	MIP	600.004	600	60	Feasible	1	33337
instance2_n_30_N_60_tf_1.0_rdd_0.8_mMax_1_m0_1_Vmax_2.0_V0_1.0	/home/schau/Documents/These/code/bilevel-scheduling/instances/performances/instance2_n_30_N_60_tf_1.0_rdd_0.8_mMax_1_m0_1_Vmax_2.0_V0_1.0.txt	60	30	1	1	2	1	MIP	5.8776	600	73	Optimal	0	2449
instance3_n_30_N_60_tf_1.0_rdd_0.8_mMax_1_m0_1_Vmax_2.0_V0_1.0	/home/schau/Documents/These/code/bilevel-scheduling/instances/performances/instance3_n_30_N_60_tf_1.0_rdd_0.8_mMax_1_m0_1_Vmax_2.0_V0_1.0.txt	60	30	1	1	2	1	MIP	2.29558	600	62	Optimal	0	1650
instance4_n_30_N_60_tf_1.0_rdd_0.8_mMax_1_m0_1_Vmax_2.0_V0_1.0	/home/schau/Documents/These/code/bilevel-scheduling/instances/performances/instance4_n_30_N_60_tf_1.0_rdd_0.8_mMax_1_m0_1_Vmax_2.0_V0_1.0.txt	60	30	1	1	2	1	MIP	1.89848	600	74	Optimal	0	767
instance5_n_30_N_60_tf_1.0_rdd_0.8_mMax_1_m0_1_Vmax_2.0_V0_1.0	/home/schau/Documents/These/code/bilevel-scheduling/instances/performances/instance5_n_30_N_60_tf_1.0_rdd_0.8_mMax_1_m0_1_Vmax_2.0_V0_1.0.txt	60	30	1	1	2	1	MIP	1.06554	600	48	Optimal	1	638
instance6_n_30_N_60_tf_1.0_rdd_0.8_mMax_1_m0_1_Vmax_2.0_V0_1.0	/home/schau/Documents/These/code/bilevel-scheduling/instances/performances/instance6_n_30_N_60_tf_1.0_rdd_0.8_mMax_1_m0_1_Vmax_2.0_V0_1.0.txt	60	30	1	1	2	1	MIP	0.484774	600	60	Optimal	1	0
instance7_n_30_N_60_tf_1.0_rdd_0.8_mMax_1_m0_1_Vmax_2.0_V0_1.0	/home/schau/Documents/These/code/bilevel-scheduling/instances/performances/instance7_n_30_N_60_tf_1.0_rdd_0.8_mMax_1_m0_1_Vmax_2.0_V0_1.0.txt	60	30	1	1	2	1	MIP	7.39304	600	62	Optimal	1	2979
instance8_n_30_N_60_tf_1.0_rdd_0.8_mMax_1_m0_1_Vmax_2.0_V0_1.0	/home/schau/Documents/These/code/bilevel-scheduling/instances/performances/instance8_n_30_N_60_tf_1.0_rdd_0.8_mMax_1_m0_1_Vmax_2.0_V0_1.0.txt	60	30	1	1	2	1	MIP	247.218	600	31	Optimal	0	19780
instance9_n_30_N_60_tf_1.0_rdd_0.8_mMax_1_m0_1_Vmax_2.0_V0_1.0	/home/schau/Documents/These/code/bilevel-scheduling/instances/performances/instance9_n_30_N_60_tf_1.0_rdd_0.8_mMax_1_m0_1_Vmax_2.0_V0_1.0.txt	60	30	1	1	2	1	MIP	1.41435	600	64	Optimal	1	1465
instance0_n_30_N_60_tf_1.0_rdd_1.0_mMax_1_m0_1_Vmax_2.0_V0_1.0	/home/schau/Documents/These/code/bilevel-scheduling/instances/performances/instance0_n_30_N_60_tf_1.0_rdd_1.0_mMax_1_m0_1_Vmax_2.0_V0_1.0.txt	60	30	1	1	2	1	MIP	1.01378	600	51	Optimal	0	1027
instance1_n_30_N_60_tf_1.0_rdd_1.0_mMax_1_m0_1_Vmax_2.0_V0_1.0	/home/schau/Documents/These/code/bilevel-scheduling/instances/performances/instance1_n_30_N_60_tf_1.0_rdd_1.0_mMax_1_m0_1_Vmax_2.0_V0_1.0.txt	60	30	1	1	2	1	MIP	90.4116	600	63	Optimal	1	7646
instance2_n_30_N_60_tf_1.0_rdd_1.0_mMax_1_m0_1_Vmax_2.0_V0_1.0	/home/schau/Documents/These/code/bilevel-scheduling/instances/performances/instance2_n_30_N_60_tf_1.0_rdd_1.0_mMax_1_m0_1_Vmax_2.0_V0_1.0.txt	60	30	1	1	2	1	MIP	600.003	600	36	Feasible	1	58418
instance3_n_30_N_60_tf_1.0_rdd_1.0_mMax_1_m0_1_Vmax_2.0_V0_1.0	/home/schau/Documents/These/code/bilevel-scheduling/instances/performances/instance3_n_30_N_60_tf_1.0_rdd_1.0_mMax_1_m0_1_Vmax_2.0_V0_1.0.txt	60	30	1	1	2	1	MIP	2.52434	600	46	Optimal	0	1458
instance4_n_30_N_60_tf_1.0_rdd_1.0_mMax_1_m0_1_Vmax_2.0_V0_1.0	/home/schau/Documents/These/code/bilevel-scheduling/instances/performances/instance4_n_30_N_60_tf_1.0_rdd_1.0_mMax_1_m0_1_Vmax_2.0_V0_1.0.txt	60	30	1	1	2	1	MIP	4.62498	600	66	Optimal	1	1033
instance5_n_30_N_60_tf_1.0_rdd_1.0_mMax_1_m0_1_Vmax_2.0_V0_1.0	/home/schau/Documents/These/code/bilevel-scheduling/instances/performances/instance5_n_30_N_60_tf_1.0_rdd_1.0_mMax_1_m0_1_Vmax_2.0_V0_1.0.txt	60	30	1	1	2	1	MIP	6.4502	600	68	Optimal	1	3618
instance6_n_30_N_60_tf_1.0_rdd_1.0_mMax_1_m0_1_Vmax_2.0_V0_1.0	/home/schau/Documents/These/code/bilevel-scheduling/instances/performances/instance6_n_30_N_60_tf_1.0_rdd_1.0_mMax_1_m0_1_Vmax_2.0_V0_1.0.txt	60	30	1	1	2	1	MIP	6.2737	600	75	Optimal	1	2698
instance7_n_30_N_60_tf_1.0_rdd_1.0_mMax_1_m0_1_Vmax_2.0_V0_1.0	/home/schau/Documents/These/code/bilevel-scheduling/instances/performances/instance7_n_30_N_60_tf_1.0_rdd_1.0_mMax_1_m0_1_Vmax_2.0_V0_1.0.txt	60	30	1	1	2	1	MIP	233.081	600	66	Optimal	1	22138
instance8_n_30_N_60_tf_1.0_rdd_1.0_mMax_1_m0_1_Vmax_2.0_V0_1.0	/home/schau/Documents/These/code/bilevel-scheduling/instances/performances/instance8_n_30_N_60_tf_1.0_rdd_1.0_mMax_1_m0_1_Vmax_2.0_V0_1.0.txt	60	30	1	1	2	1	MIP	0.485496	600	42	Optimal	1	0
instance9_n_30_N_60_tf_1.0_rdd_1.0_mMax_1_m0_1_Vmax_2.0_V0_1.0	/home/schau/Documents/These/code/bilevel-scheduling/instances/performances/instance9_n_30_N_60_tf_1.0_rdd_1.0_mMax_1_m0_1_Vmax_2.0_V0_1.0.txt	60	30	1	1	2	1	MIP	3.50726	600	72	Optimal	1	791
